benchmark_name,number_of_resources,number_of_supported_resources,number_of_ignored_resources,number_of_unsupported_resources,number_of_lambdas,number_of_ec2,average_graph_degree,number_of_constraints,number_of_basic_constraints,number_of_incoming_constraints,number_of_intrinsic_constraints,number_of_outgoing_constraints,time_to_generate_constraints_in_ms
100966547.yaml,3,0,1,2,0,0,0,0,0,0,0,0,493.1511878967285
121333316.yaml,31,0,4,27,0,0,0,0,0,0,0,0,447.0641613006592
121473558.yaml,35,1,3,31,1,0,0.0,1,1,0,0,0,458.06169509887695
125417082.yaml,3,0,1,2,0,0,0,0,0,0,0,0,428.48730087280273
137603984.yaml,34,3,3,28,0,0,0.0,6,6,0,0,0,461.85302734375
144745766.yaml,13,0,4,9,0,0,0,0,0,0,0,0,452.89015769958496
148418355.yaml,15,5,8,2,1,0,1.2,17,13,2,1,1,455.0299644470215
153061097.yaml,2,0,1,1,0,0,0,0,0,0,0,0,438.45415115356445
157899601.yaml,65,3,11,51,1,0,1.3333333333333333,9,5,2,0,2,483.9022159576416
163125327.yaml,58,5,12,41,4,0,0.0,6,6,0,0,0,468.4300422668457
163315066.yaml,5,0,2,3,0,1,0,0,0,0,0,0,446.7799663543701
168784556.yaml,59,0,4,55,0,0,0,0,0,0,0,0,476.9408702850342
174826274.yaml,7,2,4,1,1,0,0.0,3,3,0,0,0,443.50624084472656
181561553.yaml,48,2,8,38,1,0,0.0,3,3,0,0,0,478.0280590057373
181720569.yaml,2,0,1,1,0,0,0,0,0,0,0,0,434.478759765625
181720740.yaml,2,0,1,1,0,0,0,0,0,0,0,0,432.64007568359375
187089690.yaml,52,23,25,4,8,0,2.347826086956522,119,86,18,6,9,496.71101570129395
190412175.yaml,43,0,5,38,0,0,0,0,0,0,0,0,460.6311321258545
190484422.yaml,23,0,4,19,0,0,0,0,0,0,0,0,487.6410961151123
193340296.yaml,4,0,3,1,0,0,0,0,0,0,0,0,450.85811614990234
194041313.yaml,31,5,2,24,0,0,0.0,10,10,0,0,0,468.92690658569336
195850121.yaml,41,16,23,2,5,0,1.75,80,61,9,3,7,453.2499313354492
195851493.yaml,7,1,2,4,0,0,0.0,2,2,0,0,0,445.9419250488281
195899036.yaml,156,61,73,22,13,0,1.4426229508196722,385,311,30,20,24,627.2373199462891
196598626.yaml,2,1,1,0,0,0,0.0,2,2,0,0,0,428.879976272583
196702979.yaml,38,0,4,34,0,0,0,0,0,0,0,0,440.2947425842285
197647694.yaml,59,0,4,55,0,0,0,0,0,0,0,0,472.11170196533203
199184077.yaml,36,5,4,27,0,0,0.0,18,14,0,4,0,475.7847785949707
201490920.yaml,38,0,4,34,0,0,0,0,0,0,0,0,455.48415184020996
202494073.yaml,67,3,14,50,1,0,1.3333333333333333,9,5,2,0,2,487.1711730957031
202768370.yaml,9,0,2,7,0,0,0,0,0,0,0,0,449.60594177246094
206185851.yaml,55,0,4,51,0,0,0,0,0,0,0,0,457.7960968017578
206293398.yaml,54,3,11,40,1,0,1.3333333333333333,9,5,2,0,2,495.62811851501465
206303170.yaml,4,1,2,1,0,0,0.0,2,2,0,0,0,438.2748603820801
20723151.yaml,4,0,3,1,0,0,0,0,0,0,0,0,435.2879524230957
207312367.yaml,4,0,3,1,0,0,0,0,0,0,0,0,462.482213973999
207839347.yaml,3,1,2,0,1,0,0.0,1,1,0,0,0,460.23106575012207
208576783.yaml,43,1,10,32,1,0,0.0,1,1,0,0,0,478.848934173584
209889750.yaml,47,22,22,3,7,0,2.4545454545454546,118,85,18,6,9,493.6850070953369
210168592.yaml,13,1,7,5,0,0,0.0,2,2,0,0,0,457.7012062072754
210998966.yaml,18,2,7,9,1,0,1.0,10,7,2,1,0,457.9000473022461
211737718.yaml,4,1,2,1,0,0,0.0,2,2,0,0,0,452.9070854187012
212640038.yaml,44,0,2,42,0,1,0,0,0,0,0,0,463.6709690093994
214622260.yaml,59,3,12,44,1,0,1.3333333333333333,9,5,2,0,2,475.8741855621338
214769506.yaml,38,0,4,34,0,0,0,0,0,0,0,0,458.935022354126
215300189.yaml,15,5,8,2,1,0,1.2,17,13,2,1,1,457.1068286895752
215850304.yaml,83,3,17,63,1,0,1.3333333333333333,9,5,2,0,2,496.4148998260498
216064337.yaml,42,1,6,35,1,0,0.0,1,1,0,0,0,473.22702407836914
216132003.yaml,5,2,1,2,0,0,0.0,4,4,0,0,0,452.3298740386963
216392999.yaml,33,13,18,2,5,0,1.0769230769230769,51,39,5,2,5,468.59216690063477
217056370.yaml,11,3,6,2,1,0,0.6666666666666666,4,3,1,0,0,454.9441337585449
217766780.yaml,7,3,3,1,3,0,0.0,3,3,0,0,0,454.8490047454834
218573643.yaml,47,3,17,27,1,0,1.3333333333333333,9,5,2,0,2,480.086088180542
218836177.yaml,2,1,1,0,0,0,0.0,2,2,0,0,0,446.5291500091553
219053384.yaml,82,4,20,58,1,0,1.0,11,7,2,0,2,506.1218738555908
219718260.yaml,12,0,1,11,0,0,0,0,0,0,0,0,452.85868644714355
220139138.yaml,16,5,8,3,1,0,1.2,17,13,2,1,1,461.597204208374
220415743.yaml,4,3,1,0,0,0,0.0,12,9,0,3,0,446.60186767578125
223512483.yaml,4,1,3,0,1,0,0.0,1,1,0,0,0,456.38513565063477
223530022.yaml,2,1,1,0,0,0,0.0,4,3,0,1,0,464.28608894348145
223846244.yaml,31,15,14,2,3,0,1.8666666666666667,86,64,10,5,7,476.0267734527588
224315502.yaml,2,1,1,0,0,0,0.0,2,2,0,0,0,445.9822177886963
225079023.yaml,4,3,1,0,0,0,1.3333333333333333,12,7,2,1,2,456.0708999633789
225353356.yaml,24,0,1,23,0,0,0,0,0,0,0,0,443.04680824279785
225508006.yaml,1,0,1,0,0,0,0,0,0,0,0,0,447.14808464050293
225650863.yaml,53,3,11,39,1,0,1.3333333333333333,9,5,2,0,2,489.3960952758789
226786088.yaml,33,15,8,10,4,0,1.3333333333333333,58,42,7,3,6,469.59686279296875
227476676.yaml,5,1,3,1,1,0,0.0,1,1,0,0,0,442.8379535675049
228228987.yaml,1,0,1,0,0,0,0,0,0,0,0,0,440.2179718017578
228800925.yaml,4,0,3,1,0,0,0,0,0,0,0,0,440.73033332824707
228891938.yaml,15,6,1,8,5,0,1.6666666666666667,26,23,2,1,0,450.15907287597656
229204016.yaml,57,2,13,42,0,0,0.0,6,5,0,1,0,490.77486991882324
229582755.yaml,51,17,23,11,5,0,0.8235294117647058,72,61,2,7,2,477.2663116455078
230319145.yaml,14,5,8,1,5,0,0.0,5,5,0,0,0,455.28197288513184
230398802.yaml,102,48,42,12,13,0,1.3333333333333333,336,286,18,20,12,548.7957000732422
231471063.yaml,1,0,1,0,0,0,0,0,0,0,0,0,438.0497932434082
231562774.yaml,6,3,3,0,1,0,1.3333333333333333,11,6,2,1,2,451.3118267059326
231569976.yaml,25,1,7,17,0,0,0.0,2,2,0,0,0,457.5619697570801
232879061.yaml,24,4,10,10,4,0,0.5,6,5,1,0,0,445.2688694000244
233497447.yaml,9,3,5,1,2,0,0.6666666666666666,8,6,1,1,0,427.3180961608887
234315986.yaml,30,0,13,17,0,0,0,0,0,0,0,0,468.3840274810791
235557317.yaml,17,2,10,5,0,0,0.0,4,4,0,0,0,478.27887535095215
236367775.yaml,6,3,3,0,1,0,1.3333333333333333,9,5,2,0,2,449.50318336486816
236626606.yaml,76,6,39,31,5,1,0.3333333333333333,9,9,0,0,0,531.4929485321045
236664662.yaml,9,1,4,4,1,0,0.0,1,1,0,0,0,447.03006744384766
237598546.yaml,21,1,13,7,0,0,0.0,2,2,0,0,0,479.3548583984375
238227251.yaml,41,6,22,13,5,0,0.0,9,8,0,1,0,469.296932220459
238259381.yaml,5,0,1,4,0,0,0,0,0,0,0,0,426.2831211090088
238424538.yaml,11,3,6,2,1,0,0.6666666666666666,4,3,1,0,0,460.4759216308594
238817270.yaml,5,0,2,3,0,0,0,0,0,0,0,0,447.0641613006592
239700346.yaml,20,7,10,3,2,0,0.5714285714285714,15,13,1,0,1,450.5341053009033
239746375.yaml,27,10,12,5,2,0,1.2,36,26,6,2,2,473.24323654174805
239801033.yaml,23,8,12,3,2,0,1.5,33,25,5,2,1,464.22886848449707
240212194.yaml,4,0,2,2,0,0,0,0,0,0,0,0,439.88990783691406
240299945.yaml,4,0,2,2,0,0,0,0,0,0,0,0,445.22595405578613
242053128.yaml,10,2,4,4,1,0,0.0,3,3,0,0,0,451.8320560455322
242290328.yaml,8,1,3,4,1,0,0.0,1,1,0,0,0,506.50882720947266
242430329.yaml,44,19,23,2,5,0,1.263157894736842,79,58,9,4,8,481.7311763763428
243334432.yaml,15,3,6,6,3,0,0.0,3,3,0,0,0,467.1149253845215
243645272.yaml,25,2,18,5,0,0,0.0,4,4,0,0,0,462.5210762023926
244529034.yaml,38,0,4,34,0,0,0,0,0,0,0,0,448.66204261779785
244779401.yaml,9,2,5,2,1,0,1.0,5,5,0,0,0,457.5161933898926
244790402.yaml,3,1,1,1,0,0,0.0,2,2,0,0,0,437.52121925354004
245698671.yaml,6,1,4,1,0,0,0.0,2,2,0,0,0,440.58704376220703
246738432.yaml,36,4,8,24,0,0,0.0,16,12,0,4,0,487.6370429992676
247616034.yaml,33,0,3,30,0,0,0,0,0,0,0,0,462.97216415405273
247663370.yaml,17,0,1,16,0,0,0,0,0,0,0,0,446.3510513305664
249133168.yaml,41,16,23,2,5,0,1.75,80,61,9,3,7,478.03187370300293
249198860.yaml,6,1,3,2,1,0,0.0,1,1,0,0,0,450.1767158508301
249762596.yaml,18,5,9,4,1,0,1.2,31,27,1,2,1,455.6901454925537
250231134.yaml,18,6,9,3,1,0,1.3333333333333333,26,19,4,2,1,456.043004989624
251178825.yaml,5,3,2,0,0,0,1.3333333333333333,12,7,2,1,2,451.80416107177734
252618550.yaml,34,12,18,4,3,0,1.5,49,37,7,3,2,450.7582187652588
252771656.yaml,17,0,2,15,0,0,0,0,0,0,0,0,448.0171203613281
252864961.yaml,17,0,3,14,0,1,0,0,0,0,0,0,448.5509395599365
253023943.yaml,52,23,24,5,5,0,1.391304347826087,119,93,11,5,10,469.2671298980713
253278820.yaml,37,0,6,31,0,0,0,0,0,0,0,0,458.62412452697754
253321389.yaml,17,5,7,5,1,0,1.2,31,27,1,2,1,453.3200263977051
253640483.yaml,44,0,4,40,0,0,0,0,0,0,0,0,469.7442054748535
254459376.yaml,30,2,22,6,0,0,0.0,4,4,0,0,0,475.28910636901855
254481429.yaml,2,1,1,0,0,0,0.0,2,2,0,0,0,447.4911689758301
255135966.yaml,12,1,6,5,0,0,0.0,2,2,0,0,0,456.26115798950195
255310045.yaml,21,5,7,9,1,0,0.8,18,14,1,2,1,459.3157768249512
255639979.yaml,20,2,7,11,0,0,1.0,5,3,1,0,1,465.8057689666748
255934780.yaml,5,0,3,2,0,0,0,0,0,0,0,0,445.4679489135742
255946157.yaml,73,4,16,53,2,0,1.0,10,6,2,0,2,507.4479579925537
257095931.yaml,9,1,3,5,1,0,0.0,1,1,0,0,0,458.4488868713379
257694247.yaml,58,9,14,35,4,0,0.8888888888888888,22,15,3,0,4,479.0351390838623
257756476.yaml,108,3,28,77,0,0,0.6666666666666666,7,5,1,0,1,526.4360904693604
258605584.yaml,2,1,1,0,0,0,0.0,2,2,0,0,0,446.9270706176758
259814229.yaml,41,4,9,28,1,0,1.0,14,8,2,2,2,458.1601619720459
259918604.yaml,26,0,5,21,0,0,0,0,0,0,0,0,453.3498287200928
260870743.yaml,8,1,5,2,1,0,0.0,1,1,0,0,0,458.6911201477051
261155011.yaml,11,2,4,5,1,0,0.0,3,3,0,0,0,455.8267593383789
261559910.yaml,9,3,5,1,2,0,0.0,6,5,0,1,0,461.8048667907715
261878712.yaml,20,4,8,8,1,0,0.0,7,7,0,0,0,477.51307487487793
262640974.yaml,19,6,11,2,1,0,1.3333333333333333,21,17,2,1,1,456.93087577819824
262780169.yaml,14,4,8,2,2,0,1.0,7,5,2,0,0,458.91880989074707
262849410.yaml,25,12,11,2,0,0,1.6666666666666667,61,43,8,3,7,456.5999507904053
263850477.yaml,13,4,5,4,1,0,1.0,11,7,2,0,2,454.8149108886719
264099140.yaml,5,0,2,3,0,1,0,0,0,0,0,0,432.1286678314209
264182161.yaml,52,23,25,4,8,0,2.347826086956522,119,86,18,6,9,579.413890838623
264516560.yaml,21,8,11,2,2,0,1.5,34,25,5,2,2,495.6347942352295
264716141.yaml,13,2,6,5,2,0,0.0,2,2,0,0,0,532.3457717895508
264766292.yaml,17,0,3,14,0,1,0,0,0,0,0,0,474.3530750274658
266199447.yaml,53,3,11,39,1,0,1.3333333333333333,9,5,2,0,2,585.4640007019043
266903415.yaml,1,0,1,0,0,0,0,0,0,0,0,0,479.94494438171387
267748142.yaml,35,0,2,33,0,0,0,0,0,0,0,0,483.1962585449219
268479440.yaml,36,3,11,22,2,0,0.6666666666666666,8,6,1,1,0,537.8789901733398
268596959.yaml,12,0,2,10,0,0,0,0,0,0,0,0,489.063024520874
268920292.yaml,17,2,10,5,0,0,0.0,4,4,0,0,0,505.3110122680664
269044015.yaml,40,0,2,38,0,0,0,0,0,0,0,0,455.51109313964844
270367247.yaml,19,6,12,1,5,0,1.3333333333333333,23,20,2,1,0,460.56389808654785
271167184.yaml,13,1,7,5,0,0,0.0,2,2,0,0,0,458.6796760559082
271891558.yaml,5,3,2,0,0,0,1.3333333333333333,12,7,2,1,2,464.86401557922363
272616813.yaml,28,6,15,7,3,0,0.6666666666666666,16,13,1,1,1,495.9900379180908
272706209.yaml,9,3,5,1,1,0,0.6666666666666666,6,4,1,0,1,438.4129047393799
273004836.yaml,9,0,5,4,0,0,0,0,0,0,0,0,453.8841247558594
273605728.yaml,48,1,6,41,1,0,0.0,1,1,0,0,0,464.5352363586426
273627058.yaml,5,1,3,1,1,0,0.0,1,1,0,0,0,452.85606384277344
273636938.yaml,15,3,6,6,1,0,0.6666666666666666,4,3,1,0,0,448.30989837646484
274241483.yaml,33,7,15,11,6,0,0.0,7,7,0,0,0,480.10897636413574
274677408.yaml,52,23,25,4,8,0,2.347826086956522,119,86,18,6,9,514.6920680999756
275095225.yaml,16,5,8,3,2,0,0.8,15,12,1,1,1,442.43526458740234
276125734.yaml,42,15,22,5,5,0,1.6,54,38,10,2,4,471.4009761810303
276449640.yaml,30,5,18,7,0,0,0.8,12,8,2,0,2,483.63590240478516
277016418.yaml,55,3,12,40,1,0,1.3333333333333333,9,5,2,0,2,482.572078704834
278459471.yaml,30,5,18,7,0,0,0.8,12,8,2,0,2,463.00220489501953
278910474.yaml,12,4,6,2,1,0,1.0,14,11,1,1,1,436.7098808288574
278960055.yaml,22,0,2,20,0,0,0,0,0,0,0,0,446.97022438049316
279045773.yaml,4,1,2,1,0,0,0.0,1,1,0,0,0,456.2528133392334
279155838.yaml,38,0,4,34,0,0,0,0,0,0,0,0,463.35387229919434
280596381.yaml,50,0,9,41,0,0,0,0,0,0,0,0,471.9090461730957
280599875.yaml,3,1,2,0,0,0,0.0,2,2,0,0,0,453.85217666625977
280652866.yaml,5,1,2,2,0,0,0.0,2,2,0,0,0,454.96416091918945
281053061.yaml,15,6,1,8,5,0,1.6666666666666667,26,23,2,1,0,464.5500183105469
281193686.yaml,14,5,7,2,1,0,1.2,23,17,3,2,1,455.52515983581543
281831928.yaml,16,1,9,6,0,0,0.0,2,2,0,0,0,469.56706047058105
281947298.yaml,9,2,5,2,2,0,0.0,2,2,0,0,0,453.5360336303711
282371164.yaml,23,10,11,2,2,0,1.0,34,24,4,3,3,461.55476570129395
283567350.yaml,30,5,18,7,0,0,0.8,12,8,2,0,2,498.6529350280762
283675822.yaml,1,0,1,0,0,0,0,0,0,0,0,0,441.8020248413086
285337361.yaml,3,0,1,2,0,0,0,0,0,0,0,0,445.3558921813965
285455271.yaml,20,4,13,3,4,0,0.0,4,4,0,0,0,445.7049369812012
285954003.yaml,41,16,23,2,5,0,1.75,80,61,9,3,7,482.8963279724121
286589192.yaml,20,1,13,6,0,0,0.0,2,2,0,0,0,482.17082023620605
286596850.yaml,74,3,21,50,2,0,0.0,4,4,0,0,0,513.0951404571533
287540251.yaml,81,0,13,68,0,0,0,0,0,0,0,0,506.4098834991455
287548039.yaml,12,3,6,3,2,0,0.6666666666666666,6,4,1,0,1,452.2287845611572
287726234.yaml,23,1,16,6,0,0,0.0,2,2,0,0,0,473.42491149902344
288269587.yaml,3,1,2,0,0,0,0.0,2,2,0,0,0,476.8869876861572
288435321.yaml,27,0,3,24,0,1,0,0,0,0,0,0,454.9989700317383
289090476.yaml,6,3,3,0,1,0,1.3333333333333333,11,6,2,1,2,451.1899948120117
289104281.yaml,60,0,4,56,0,0,0,0,0,0,0,0,473.91676902770996
289443394.yaml,38,0,4,34,0,0,0,0,0,0,0,0,464.54882621765137
290123176.yaml,21,1,17,3,0,0,0.0,2,2,0,0,0,459.1829776763916
290594099.yaml,6,1,4,1,1,0,0.0,1,1,0,0,0,435.15610694885254
291114882.yaml,15,2,6,7,1,0,0.0,3,3,0,0,0,455.3539752960205
291144158.yaml,39,0,4,35,0,0,0,0,0,0,0,0,446.8421936035156
291833158.yaml,81,3,18,60,1,1,1.3333333333333333,9,5,2,0,2,488.8501167297363
291978042.yaml,1,0,1,0,0,0,0,0,0,0,0,0,445.9359645843506
294034396.yaml,18,3,9,6,3,0,0.6666666666666666,5,4,1,0,0,440.72484970092773
294490185.yaml,14,3,6,5,2,0,0.6666666666666666,11,8,2,1,0,454.7903537750244
294645352.yaml,65,4,13,48,1,0,0.0,11,8,0,3,0,473.8802909851074
294729210.yaml,22,4,10,8,3,0,1.5,18,15,2,1,0,457.7939510345459
295025851.yaml,20,7,10,3,4,0,0.8571428571428571,19,13,3,1,2,445.08910179138184
296128463.yaml,9,2,4,3,1,0,0.0,3,3,0,0,0,467.6930904388428
296285016.yaml,2,1,1,0,0,0,0.0,2,2,0,0,0,439.0861988067627
296344808.yaml,25,2,18,5,0,0,0.0,4,4,0,0,0,468.28389167785645
296446909.yaml,2,0,2,0,0,0,0,0,0,0,0,0,441.87283515930176
296719293.yaml,53,25,23,5,5,0,1.84,139,105,17,8,9,506.805419921875
297260353.yaml,5,0,3,2,0,0,0,0,0,0,0,0,431.6251277923584
297529770.yaml,4,0,2,2,0,0,0,0,0,0,0,0,424.49402809143066
297636830.yaml,7,1,3,3,0,0,0.0,4,3,0,1,0,442.89088249206543
298652058.yaml,9,2,5,2,1,0,0.0,3,3,0,0,0,452.2888660430908
298937341.yaml,34,12,18,4,3,0,1.5,49,37,7,3,2,476.3481616973877
299503779.yaml,4,0,2,2,0,0,0,0,0,0,0,0,445.6980228424072
300290690.yaml,1,0,1,0,0,0,0,0,0,0,0,0,435.78219413757324
300448763.yaml,21,1,13,7,0,0,0.0,2,2,0,0,0,482.2378158569336
300874070.yaml,17,5,9,3,2,0,0.4,7,6,1,0,0,444.12803649902344
301242367.yaml,5,0,1,4,0,0,0,0,0,0,0,0,433.07995796203613
301563264.yaml,12,5,6,1,1,0,1.2,16,11,2,1,2,436.22493743896484
301746126.yaml,2,1,1,0,0,0,0.0,2,2,0,0,0,456.7680358886719
302432840.yaml,17,6,7,4,1,0,1.3333333333333333,17,10,4,1,2,462.85009384155273
302593929.yaml,12,3,6,3,1,0,0.0,5,5,0,0,0,448.2450485229492
302652810.yaml,8,1,4,3,1,0,0.0,1,1,0,0,0,465.2740955352783
302743588.yaml,42,3,15,24,0,1,0.0,7,6,0,1,0,482.62500762939453
303162114.yaml,9,2,5,2,2,0,0.0,2,2,0,0,0,486.82713508605957
303190264.yaml,9,1,3,5,1,0,0.0,1,1,0,0,0,450.0160217285156
303310511.yaml,3,1,2,0,0,0,0.0,2,2,0,0,0,439.3181800842285
303809578.yaml,42,0,5,37,0,0,0,0,0,0,0,0,449.6889114379883
304096435.yaml,11,3,6,2,1,0,0.6666666666666666,4,3,1,0,0,450.67787170410156
304180349.yaml,7,2,4,1,1,0,0.0,3,3,0,0,0,444.5500373840332
304205835.yaml,159,6,11,142,3,0,0.3333333333333333,12,10,1,1,0,559.4780445098877
304296576.yaml,38,10,24,4,9,0,0.4,15,15,0,0,0,483.13188552856445
304815578.yaml,1,0,1,0,0,0,0,0,0,0,0,0,435.0118637084961
305260425.yaml,5,3,2,0,0,0,1.3333333333333333,12,7,2,1,2,452.8470039367676
305656505.yaml,32,3,23,6,1,0,0.0,5,5,0,0,0,483.22606086730957
305899491.yaml,10,2,4,4,1,0,0.0,3,3,0,0,0,467.7281379699707
305961644.yaml,48,0,3,45,0,0,0,0,0,0,0,0,452.4810314178467
306188472.yaml,9,0,5,4,0,0,0,0,0,0,0,0,447.25608825683594
306716577.yaml,14,1,9,4,0,0,0.0,2,2,0,0,0,455.69300651550293
306814317.yaml,41,1,5,35,0,0,0.0,2,2,0,0,0,462.09001541137695
307405054.yaml,50,1,5,44,1,1,0.0,1,1,0,0,0,464.37788009643555
307738803.yaml,34,2,24,8,1,0,0.0,3,3,0,0,0,493.2749271392822
308935465.yaml,28,10,11,7,3,0,1.2,71,63,2,4,2,461.20190620422363
309003110.yaml,28,0,2,26,0,1,0,0,0,0,0,0,449.19586181640625
309261062.yaml,42,0,5,37,0,0,0,0,0,0,0,0,467.850923538208
310096411.yaml,30,9,14,7,3,0,0.4444444444444444,18,16,1,0,1,474.7641086578369
310391906.yaml,46,7,17,22,2,0,0.8571428571428571,22,15,3,3,1,515.1748657226562
310615680.yaml,17,4,9,4,2,0,0.5,7,6,1,0,0,454.29420471191406
311269100.yaml,4,0,2,2,0,0,0,0,0,0,0,0,435.4851245880127
312285276.yaml,2,1,1,0,0,0,0.0,2,2,0,0,0,514.2481327056885
312350384.yaml,38,0,4,34,0,0,0,0,0,0,0,0,455.37304878234863
312472551.yaml,1,0,1,0,0,0,0,0,0,0,0,0,434.1440200805664
312577204.yaml,35,1,5,29,0,0,0.0,2,2,0,0,0,462.77475357055664
312680248.yaml,37,0,5,32,0,0,0,0,0,0,0,0,453.0618190765381
314182869.yaml,17,10,5,2,5,0,1.0,42,32,6,4,0,465.5489921569824
315666037.yaml,15,5,8,2,1,0,1.2,17,13,2,1,1,441.94602966308594
315723702.yaml,38,11,19,8,7,0,0.36363636363636365,21,17,2,1,1,474.57003593444824
315887892.yaml,21,1,13,7,0,0,0.0,2,2,0,0,0,485.25309562683105
316313986.yaml,17,5,8,4,2,0,0.8,15,12,1,1,1,446.32506370544434
316646959.yaml,22,0,1,21,0,0,0,0,0,0,0,0,458.21499824523926
318073338.yaml,3,1,2,0,0,0,0.0,2,2,0,0,0,439.957857131958
318381952.yaml,34,8,14,12,5,0,1.25,30,21,5,2,2,474.5950698852539
318540549.yaml,5,1,3,1,1,0,0.0,1,1,0,0,0,469.55394744873047
318567630.yaml,34,13,19,2,4,0,1.6923076923076923,68,53,7,3,5,471.6789722442627
318720013.yaml,5,1,3,1,0,0,0.0,2,2,0,0,0,454.5481204986572
319058919.yaml,7,3,4,0,3,0,0.0,3,3,0,0,0,475.39401054382324
319069380.yaml,11,3,6,2,1,0,0.6666666666666666,4,3,1,0,0,457.39293098449707
319591393.yaml,5,3,2,0,0,0,1.3333333333333333,12,7,2,1,2,449.9368667602539
319751102.yaml,17,1,11,5,0,0,0.0,2,2,0,0,0,435.8389377593994
319788553.yaml,1,0,1,0,0,0,0,0,0,0,0,0,411.93079948425293
319864357.yaml,51,2,9,40,2,1,0.0,2,2,0,0,0,474.8098850250244
321546230.yaml,69,12,16,41,3,0,1.1666666666666667,39,32,3,2,2,510.9102725982666
321647027.yaml,26,1,19,6,0,0,0.0,2,2,0,0,0,455.75928688049316
321833885.yaml,3,0,1,2,0,0,0,0,0,0,0,0,455.4758071899414
321976587.yaml,1,0,1,0,0,0,0,0,0,0,0,0,430.21225929260254
322064345.yaml,8,0,3,5,0,0,0,0,0,0,0,0,420.1090335845947
322260147.yaml,61,5,19,37,5,0,0.0,5,5,0,0,0,496.1693286895752
322416296.yaml,25,1,17,7,0,0,0.0,2,2,0,0,0,472.3029136657715
322812114.yaml,19,0,6,13,0,0,0,0,0,0,0,0,453.6280632019043
322816317.yaml,7,2,4,1,1,0,0.0,3,3,0,0,0,447.9830265045166
323134581.yaml,23,1,15,7,1,0,0.0,1,1,0,0,0,450.5798816680908
323244425.yaml,25,8,14,3,3,0,1.0,23,19,2,1,1,463.0420207977295
323740201.yaml,16,5,8,3,1,0,1.2,17,13,2,1,1,453.90796661376953
323923418.yaml,1,0,1,0,0,0,0,0,0,0,0,0,433.54296684265137
324465703.yaml,1,0,1,0,0,0,0,0,0,0,0,0,443.06206703186035
324567683.yaml,26,6,17,3,5,0,1.3333333333333333,23,20,2,1,0,473.9339351654053
324902937.yaml,52,4,14,34,2,0,1.0,10,6,2,0,2,489.8991584777832
325108574.yaml,17,2,5,10,1,0,1.0,10,7,2,1,0,449.59306716918945
325121838.yaml,36,11,14,11,7,0,1.0909090909090908,29,22,5,1,1,482.53893852233887
325170705.yaml,33,0,5,28,0,0,0,0,0,0,0,0,451.9631862640381
325600171.yaml,8,1,4,3,1,0,0.0,1,1,0,0,0,453.69815826416016
325661077.yaml,8,1,4,3,0,0,0.0,2,2,0,0,0,458.7111473083496
325857613.yaml,49,0,7,42,0,0,0,0,0,0,0,0,467.13709831237793
326154356.yaml,20,1,13,6,0,0,0.0,2,2,0,0,0,470.0968265533447
326223034.yaml,2,1,1,0,0,0,0.0,2,2,0,0,0,440.2890205383301
326276341.yaml,1,0,1,0,0,0,0,0,0,0,0,0,439.78428840637207
326331005.yaml,3,1,2,0,1,0,0.0,1,1,0,0,0,429.6689033508301
326663076.yaml,21,3,9,9,3,0,0.0,3,3,0,0,0,451.3540267944336
326944103.yaml,3,1,2,0,0,0,0.0,2,2,0,0,0,461.04907989501953
327038379.yaml,11,5,4,2,0,0,1.2,32,28,1,2,1,451.9178867340088
327307933.yaml,16,5,9,2,1,0,1.2,17,13,2,1,1,500.64611434936523
327359755.yaml,60,1,19,40,0,0,0.0,2,2,0,0,0,488.0480766296387
327454387.yaml,14,2,5,7,1,0,1.0,10,7,2,1,0,455.22117614746094
327860227.yaml,52,23,25,4,8,0,2.347826086956522,119,86,18,6,9,501.3859272003174
328060766.yaml,29,3,19,7,1,0,0.0,5,5,0,0,0,482.3310375213623
329111331.yaml,25,8,14,3,3,0,1.0,23,19,2,1,1,480.2968502044678
329258339.yaml,11,1,5,5,1,0,0.0,1,1,0,0,0,451.04217529296875
329685257.yaml,92,34,42,16,11,0,3.0,249,211,19,8,11,539.8468971252441
329715937.yaml,5,3,2,0,2,0,1.3333333333333333,8,7,1,0,0,433.38990211486816
329841644.yaml,42,3,15,24,0,1,0.0,7,6,0,1,0,477.88333892822266
330209062.yaml,34,5,13,16,1,0,0.8,15,10,2,1,2,454.44512367248535
330722181.yaml,40,17,21,2,3,0,1.411764705882353,122,104,5,8,5,485.75592041015625
331408116.yaml,28,5,12,11,4,0,2.0,24,20,3,1,0,462.5399112701416
331706114.yaml,30,10,14,6,4,0,0.6,22,18,2,1,1,462.8260135650635
331867775.yaml,42,3,15,24,0,1,0.0,7,6,0,1,0,497.45917320251465
332062119.yaml,5,3,2,0,0,0,1.3333333333333333,12,7,2,1,2,462.0637893676758
332148803.yaml,19,2,8,9,1,0,1.0,10,7,2,1,0,438.2748603820801
332267290.yaml,42,1,5,36,1,0,0.0,1,1,0,0,0,478.1303405761719
332582641.yaml,27,5,16,6,2,0,0.4,10,9,1,0,0,476.1838912963867
332723625.yaml,25,6,10,9,1,0,1.0,22,14,4,2,2,504.5781135559082
332988254.yaml,48,1,16,31,0,0,0.0,2,2,0,0,0,479.8741340637207
333210840.yaml,37,1,7,29,1,0,0.0,1,1,0,0,0,463.54198455810547
333215089.yaml,61,2,15,44,1,0,0.0,3,3,0,0,0,512.3538970947266
333598287.yaml,1,0,1,0,0,0,0,0,0,0,0,0,430.5269718170166
334072700.yaml,34,0,2,32,0,1,0,0,0,0,0,0,455.51490783691406
334286601.yaml,11,4,6,1,2,0,1.0,15,12,2,1,0,464.9479389190674
334795457.yaml,22,1,14,7,0,0,0.0,2,2,0,0,0,502.2399425506592
335073232.yaml,10,1,5,4,0,0,0.0,2,2,0,0,0,455.5702209472656
335104043.yaml,80,24,46,10,15,0,1.4166666666666667,81,70,4,4,3,547.7948188781738
335121835.yaml,111,30,41,40,14,0,1.6666666666666667,116,78,19,6,13,634.3669891357422
335135174.yaml,3,1,2,0,1,0,0.0,1,1,0,0,0,440.3808116912842
335271692.yaml,5,3,2,0,0,0,1.3333333333333333,12,7,2,1,2,457.78584480285645
335813625.yaml,2,1,1,0,0,0,0.0,4,3,0,1,0,446.89416885375977
335936490.yaml,5,3,2,0,0,0,0.0,9,7,0,2,0,444.83399391174316
336190138.yaml,14,5,7,2,1,0,0.8,9,7,2,0,0,458.698034286499
336293667.yaml,52,0,4,48,0,6,0,0,0,0,0,0,471.01402282714844
336951511.yaml,22,1,17,4,0,0,0.0,2,2,0,0,0,462.5082015991211
336997643.yaml,53,0,2,51,0,1,0,0,0,0,0,0,491.91808700561523
337096242.yaml,29,0,4,25,0,0,0,0,0,0,0,0,465.303897857666
337248977.yaml,4,0,1,3,0,0,0,0,0,0,0,0,443.67194175720215
33757494.yaml,13,4,7,2,2,0,0.5,8,8,0,0,0,454.06317710876465
337834811.yaml,6,1,2,3,0,0,0.0,2,2,0,0,0,473.5910892486572
338128183.yaml,2,1,1,0,1,0,0.0,1,1,0,0,0,445.965051651001
338459967.yaml,20,2,6,12,1,0,1.0,10,7,2,1,0,454.0407657623291
338912056.yaml,7,2,2,3,0,0,0.0,3,3,0,0,0,445.2691078186035
339482074.yaml,4,2,2,0,1,0,1.0,10,7,2,1,0,444.8070526123047
339853499.yaml,56,3,26,27,0,0,0.0,6,6,0,0,0,524.9941349029541
340749419.yaml,5,0,3,2,0,0,0,0,0,0,0,0,444.3321228027344
340804757.yaml,11,3,4,4,1,0,0.0,7,6,0,1,0,452.87013053894043
340960184.yaml,1,0,1,0,0,0,0,0,0,0,0,0,432.91163444519043
341003224.yaml,11,3,5,3,2,0,0.0,4,4,0,0,0,453.4330368041992
341072243.yaml,25,5,11,9,5,0,0.0,5,5,0,0,0,470.2417850494385
341140668.yaml,52,23,25,4,8,0,2.347826086956522,119,86,18,6,9,514.6749019622803
341488964.yaml,22,10,9,3,1,0,1.6,35,25,6,1,3,462.5980854034424
341601452.yaml,5,3,2,0,0,0,1.3333333333333333,12,7,2,1,2,451.8389701843262
341663414.yaml,5,0,1,4,0,0,0,0,0,0,0,0,448.01878929138184
341857925.yaml,7,2,3,2,1,0,0.0,3,3,0,0,0,494.4450855255127
342251191.yaml,7,0,3,4,0,0,0,0,0,0,0,0,445.6470012664795
342880374.yaml,53,20,12,21,3,0,1.4,62,34,14,0,14,492.3667907714844
342972034.yaml,20,11,7,2,2,0,1.8181818181818181,51,29,10,4,8,446.67887687683105
343093526.yaml,49,12,11,26,6,0,0.6666666666666666,28,19,4,1,4,505.60498237609863
343689369.yaml,6,2,3,1,1,0,1.0,5,3,1,0,1,469.88487243652344
344174366.yaml,12,3,6,3,2,0,0.0,6,5,0,1,0,450.94919204711914
344265043.yaml,19,4,12,3,3,0,0.5,7,7,0,0,0,487.0610237121582
344336590.yaml,1,0,1,0,0,0,0,0,0,0,0,0,422.0578670501709
344367813.yaml,2,0,1,1,0,0,0,0,0,0,0,0,433.0470561981201
344418233.yaml,1,0,1,0,0,0,0,0,0,0,0,0,428.82680892944336
344476972.yaml,23,5,8,10,1,0,1.2,17,13,2,1,1,461.92407608032227
344935762.yaml,23,10,11,2,2,0,1.4,41,28,7,3,3,463.0780220031738
345152147.yaml,70,5,16,49,5,0,0.0,5,5,0,0,0,513.1270885467529
345415722.yaml,21,2,7,12,1,0,1.0,10,7,2,1,0,492.0978546142578
346126984.yaml,22,4,11,7,2,0,0.5,8,7,1,0,0,458.87207984924316
346341383.yaml,1,0,1,0,0,0,0,0,0,0,0,0,446.9799995422363
346777963.yaml,62,0,4,58,0,0,0,0,0,0,0,0,487.0011806488037
346835348.yaml,57,4,12,41,0,0,0.0,0,0,0,0,0,469.19798851013184
348472727.yaml,1,0,1,0,0,0,0,0,0,0,0,0,434.506893157959
348581680.yaml,12,4,7,1,4,0,0.0,4,4,0,0,0,469.66075897216797
348690308.yaml,22,1,16,5,0,0,0.0,2,2,0,0,0,460.16812324523926
348993182.yaml,12,5,7,0,3,0,2.4,33,27,4,2,0,452.9280662536621
349338242.yaml,37,0,5,32,0,0,0,0,0,0,0,0,456.0060501098633
350606282.yaml,3,0,1,2,0,0,0,0,0,0,0,0,444.3819522857666
350694608.yaml,8,0,1,7,0,0,0,0,0,0,0,0,441.68996810913086
350695651.yaml,4,0,3,1,0,0,0,0,0,0,0,0,431.8549633026123
350696066.yaml,11,2,5,4,1,0,0.0,3,3,0,0,0,463.64903450012207
350702760.yaml,5,3,2,0,0,0,1.3333333333333333,12,7,2,1,2,474.9269485473633
351863837.yaml,10,2,4,4,1,0,1.0,5,5,0,0,0,434.0379238128662
351926946.yaml,22,9,11,2,2,0,1.5555555555555556,43,33,5,3,2,470.57366371154785
351990479.yaml,5,0,2,3,0,0,0,0,0,0,0,0,449.99027252197266
352063910.yaml,27,4,12,11,3,0,0.5,7,7,0,0,0,464.9081230163574
352326614.yaml,26,9,11,6,2,0,1.3333333333333333,70,62,2,4,2,462.7997875213623
353115103.yaml,33,5,11,17,2,0,0.0,6,6,0,0,0,483.78491401672363
354725280.yaml,72,27,33,12,8,0,1.8518518518518519,117,80,21,6,10,527.7528762817383
354823866.yaml,41,16,23,2,5,0,1.75,80,61,9,3,7,471.9967842102051
355035084.yaml,30,5,11,14,2,0,0.0,6,6,0,0,0,468.51420402526855
355277404.yaml,17,2,7,8,1,0,0.0,3,3,0,0,0,450.833797454834
355603666.yaml,43,14,19,10,7,0,1.2857142857142858,47,31,9,2,5,483.8230609893799
355747121.yaml,13,0,1,12,0,0,0,0,0,0,0,0,450.2849578857422
355923721.yaml,52,23,25,4,8,0,2.5217391304347827,115,85,16,5,9,508.3730220794678
355984815.yaml,17,2,11,4,1,0,0.0,3,3,0,0,0,467.2372341156006
355987786.yaml,6,0,1,5,0,0,0,0,0,0,0,0,447.6590156555176
356044384.yaml,21,9,9,3,1,0,1.3333333333333333,44,34,3,4,3,486.8807792663574
356047482.yaml,1,0,1,0,0,0,0,0,0,0,0,0,442.1977996826172
356601114.yaml,10,1,3,6,1,0,0.0,1,1,0,0,0,454.61416244506836
356601492.yaml,2,0,1,1,0,0,0,0,0,0,0,0,435.18996238708496
356737393.yaml,6,1,1,4,0,0,0.0,4,3,0,1,0,449.8167037963867
357090971.yaml,3,1,2,0,1,0,0.0,1,1,0,0,0,438.6730194091797
357235391.yaml,56,8,22,26,5,0,0.0,12,11,0,1,0,483.0911159515381
357263517.yaml,21,4,8,9,2,0,1.0,15,10,3,1,1,464.2620086669922
357284448.yaml,47,3,10,34,2,0,0.0,6,5,0,1,0,473.9880561828613
357295041.yaml,14,5,8,1,5,0,0.0,5,5,0,0,0,452.00514793395996
357492678.yaml,2,1,1,0,0,0,0.0,2,2,0,0,0,441.1940574645996
357716007.yaml,77,22,37,18,20,0,0.7272727272727273,46,37,8,1,0,531.6429138183594
358041447.yaml,21,1,14,6,0,0,0.0,2,2,0,0,0,484.2839241027832
358254660.yaml,1,0,1,0,0,0,0,0,0,0,0,0,422.2440719604492
358634584.yaml,9,2,4,3,2,0,1.0,4,3,1,0,0,431.13112449645996
358760276.yaml,20,5,7,8,4,0,0.0,6,6,0,0,0,462.8279209136963
359908058.yaml,3,2,1,0,0,0,0.0,6,5,0,1,0,449.31936264038086
360020626.yaml,1,0,1,0,0,0,0,0,0,0,0,0,443.74990463256836
360212765.yaml,23,8,13,2,1,0,1.5,29,21,4,1,3,476.67813301086426
360226237.yaml,14,5,6,3,3,0,0.8,13,9,2,1,1,458.94503593444824
360290310.yaml,64,2,16,46,2,0,0.0,2,2,0,0,0,521.277904510498
360368673.yaml,2,1,1,0,0,0,0.0,2,2,0,0,0,440.8531188964844
360426464.yaml,47,6,11,30,2,0,1.3333333333333333,20,15,3,1,1,535.8619689941406
360668517.yaml,64,4,12,48,4,0,0.0,4,4,0,0,0,517.4169540405273
361073973.yaml,1,0,1,0,0,0,0,0,0,0,0,0,431.2272071838379
361139690.yaml,14,1,9,4,0,0,0.0,2,2,0,0,0,437.0858669281006
362000670.yaml,10,2,4,4,1,0,0.0,3,3,0,0,0,443.83811950683594
362298201.yaml,33,5,11,17,2,0,0.0,6,6,0,0,0,484.9560260772705
362393068.yaml,25,4,8,13,3,0,0.5,7,6,1,0,0,458.56714248657227
362615450.yaml,64,4,12,48,1,0,0.0,6,6,0,0,0,481.9183349609375
362620399.yaml,26,8,11,7,1,0,1.25,32,25,4,2,1,459.3777656555176
362923722.yaml,25,4,12,9,3,0,1.0,15,12,2,1,0,464.6573066711426
363317831.yaml,5,2,3,0,1,0,0.0,5,4,0,1,0,447.72815704345703
363327230.yaml,5,3,2,0,0,0,1.3333333333333333,12,7,2,1,2,446.36988639831543
363335690.yaml,24,11,11,2,2,0,1.6363636363636365,51,37,7,3,4,450.58679580688477
363348279.yaml,8,1,2,5,0,0,0.0,2,2,0,0,0,452.009916305542
363481236.yaml,5,2,2,1,0,0,0.0,4,4,0,0,0,433.521032333374
363882286.yaml,9,2,5,2,2,0,0.0,2,2,0,0,0,488.82412910461426
363899918.yaml,18,6,10,2,5,0,0.0,7,7,0,0,0,456.845760345459
363943227.yaml,18,1,11,6,0,0,0.0,2,2,0,0,0,464.418888092041
364241976.yaml,13,6,5,2,0,0,1.3333333333333333,22,16,3,1,2,443.58110427856445
364378810.yaml,3,0,1,2,0,0,0,0,0,0,0,0,436.7830753326416
364385115.yaml,11,3,5,3,1,0,0.6666666666666666,5,3,1,0,1,460.7102870941162
364991889.yaml,84,3,10,71,0,0,0.0,6,6,0,0,0,523.4107971191406
365026180.yaml,12,3,7,2,3,0,0.0,3,3,0,0,0,451.86305046081543
365289409.yaml,1,0,1,0,0,0,0,0,0,0,0,0,443.96185874938965
365535519.yaml,13,3,7,3,2,0,0.6666666666666666,6,6,0,0,0,449.63812828063965
365643641.yaml,6,1,2,3,0,0,0.0,4,3,0,1,0,437.64591217041016
365713917.yaml,47,2,6,39,1,0,0.0,3,3,0,0,0,464.526891708374
366223393.yaml,15,2,5,8,1,0,0.0,3,3,0,0,0,462.3839855194092
366632612.yaml,1,0,1,0,0,0,0,0,0,0,0,0,419.4917678833008
366792027.yaml,24,8,10,6,5,0,0.5,17,12,2,1,2,457.6079845428467
366876965.yaml,9,2,5,2,1,0,0.0,3,3,0,0,0,504.22096252441406
366934705.yaml,19,9,6,4,4,0,0.0,22,18,0,4,0,471.8458652496338
367173984.yaml,14,1,4,9,0,0,0.0,4,3,0,1,0,454.64324951171875
367457714.yaml,11,0,5,6,0,0,0,0,0,0,0,0,499.830961227417
367865920.yaml,29,10,13,6,2,0,1.4,36,25,7,2,2,468.6279296875
368114646.yaml,72,14,34,24,11,0,0.14285714285714285,26,22,2,2,0,518.1002616882324
369461692.yaml,32,0,7,25,0,3,0,0,0,0,0,0,463.29307556152344
369934747.yaml,10,4,4,2,1,0,1.5,15,9,3,1,2,449.573278427124
370029382.yaml,11,3,5,3,0,0,1.3333333333333333,13,10,1,1,1,449.660062789917
370785195.yaml,25,4,9,12,3,0,0.5,7,7,0,0,0,451.81822776794434
370876103.yaml,78,2,18,58,2,0,0.0,2,2,0,0,0,555.8793544769287
371386389.yaml,2,0,1,1,0,0,0,0,0,0,0,0,435.4259967803955
371493339.yaml,3,1,2,0,0,0,0.0,2,2,0,0,0,437.0901584625244
371814394.yaml,2,0,1,1,0,0,0,0,0,0,0,0,447.796106338501
371836719.yaml,12,4,6,2,1,0,1.0,14,11,1,1,1,446.4759826660156
372244093.yaml,1,0,1,0,0,0,0,0,0,0,0,0,433.60209465026855
372282343.yaml,42,1,7,34,0,0,0.0,2,2,0,0,0,471.9278812408447
372352825.yaml,6,1,4,1,1,0,0.0,1,1,0,0,0,451.3430595397949
372601112.yaml,4,0,3,1,0,0,0,0,0,0,0,0,450.6111145019531
373239521.yaml,28,10,12,6,7,0,1.6,35,28,5,1,1,477.510929107666
373571269.yaml,39,7,15,17,4,0,0.2857142857142857,17,14,2,1,0,479.6431064605713
373727710.yaml,2,1,1,0,0,0,0.0,2,2,0,0,0,442.1529769897461
373991476.yaml,40,0,4,36,0,0,0,0,0,0,0,0,458.60981941223145
374063181.yaml,10,3,3,4,0,0,0.0,12,9,0,3,0,465.8849239349365
374322413.yaml,27,1,18,8,0,0,0.0,2,2,0,0,0,475.62408447265625
375024571.yaml,3,2,1,0,0,0,0.0,8,6,0,2,0,447.6139545440674
375206719.yaml,2,0,2,0,0,0,0,0,0,0,0,0,428.7452697753906
375475067.yaml,1,0,1,0,0,0,0,0,0,0,0,0,427.7060031890869
375888405.yaml,77,0,10,67,0,0,0,0,0,0,0,0,515.7818794250488
376213006.yaml,2,0,1,1,0,0,0,0,0,0,0,0,468.40500831604004
376292006.yaml,2,1,1,0,0,0,0.0,2,2,0,0,0,435.26291847229004
376975352.yaml,30,0,3,27,0,6,0,0,0,0,0,0,450.1056671142578
377053836.yaml,18,0,3,15,0,1,0,0,0,0,0,0,435.38594245910645
377841615.yaml,75,13,31,31,11,0,0.0,17,16,0,1,0,508.1489086151123
378439018.yaml,15,2,8,5,0,0,0.0,4,4,0,0,0,448.6660957336426
378778871.yaml,7,0,2,5,0,0,0,0,0,0,0,0,444.78487968444824
379327793.yaml,35,11,17,7,3,0,1.2727272727272727,40,30,6,2,2,467.93389320373535
379352573.yaml,14,1,5,8,1,0,0.0,1,1,0,0,0,461.07029914855957
380958878.yaml,6,2,3,1,1,0,0.0,3,3,0,0,0,447.03221321105957
381077782.yaml,35,0,4,31,0,0,0,0,0,0,0,0,464.587926864624
382521024.yaml,25,5,11,9,5,0,0.0,5,5,0,0,0,474.4589328765869
383714940.yaml,32,0,2,30,0,1,0,0,0,0,0,0,452.4550437927246
383917222.yaml,31,13,14,4,4,0,1.5384615384615385,56,43,6,3,4,470.6239700317383
384029087.yaml,3,0,3,0,0,0,0,0,0,0,0,0,440.0489330291748
384424887.yaml,10,2,4,4,1,0,0.0,3,3,0,0,0,478.40213775634766
384627128.yaml,10,1,3,6,1,0,0.0,1,1,0,0,0,447.8023052215576
384628539.yaml,16,4,9,3,3,0,0.0,5,5,0,0,0,459.4388008117676
384763399.yaml,53,0,10,43,0,0,0,0,0,0,0,0,482.5708866119385
385386170.yaml,80,12,25,43,5,0,0.6666666666666666,43,37,2,2,2,523.7729549407959
385425446.yaml,1,0,1,0,0,0,0,0,0,0,0,0,438.046932220459
385643469.yaml,27,6,11,10,4,0,0.6666666666666666,12,8,2,0,2,465.3768539428711
385985197.yaml,21,1,13,7,0,0,0.0,2,2,0,0,0,470.1099395751953
386782856.yaml,20,2,6,12,1,0,1.0,10,7,2,1,0,467.9749011993408
387334669.yaml,55,0,5,50,0,0,0,0,0,0,0,0,473.8328456878662
387440460.yaml,5,3,2,0,0,0,1.3333333333333333,12,7,2,1,2,457.61680603027344
387686499.yaml,6,2,3,1,1,0,1.0,5,3,1,0,1,456.04586601257324
388705004.yaml,39,14,23,2,5,0,1.0,47,34,5,3,5,481.9779396057129
388958216.yaml,55,2,7,46,1,0,0.0,3,3,0,0,0,480.6032180786133
388994638.yaml,1,0,1,0,0,0,0,0,0,0,0,0,440.6898021697998
389299690.yaml,17,4,8,5,2,0,0.5,7,5,1,0,1,454.9989700317383
389538044.yaml,6,0,5,1,0,0,0,0,0,0,0,0,463.15622329711914
389950455.yaml,48,16,21,11,1,0,1.75,85,65,8,6,6,517.2619819641113
390199290.yaml,16,5,8,3,3,0,0.8,11,11,0,0,0,467.9570198059082
390366740.yaml,39,14,23,2,5,0,1.0,47,34,5,3,5,475.53372383117676
390367593.yaml,15,6,1,8,5,0,1.6666666666666667,26,23,2,1,0,456.5589427947998
390391877.yaml,34,2,4,28,1,1,0.0,3,3,0,0,0,456.8948745727539
391090992.yaml,34,0,1,33,0,0,0,0,0,0,0,0,442.19279289245605
391513350.yaml,9,0,2,7,0,0,0,0,0,0,0,0,435.2869987487793
391981008.yaml,1,0,1,0,0,0,0,0,0,0,0,0,454.33712005615234
392880803.yaml,1,0,1,0,0,0,0,0,0,0,0,0,436.8569850921631
393269017.yaml,25,6,13,6,5,0,0.3333333333333333,9,8,1,0,0,476.62806510925293
393433786.yaml,11,5,4,2,1,0,0.0,12,10,0,2,0,453.56202125549316
393750230.yaml,55,0,5,50,0,0,0,0,0,0,0,0,449.7978687286377
394131909.yaml,27,4,12,11,3,0,0.5,7,7,0,0,0,463.04988861083984
394474321.yaml,17,2,7,8,1,0,0.0,3,3,0,0,0,456.41398429870605
394605266.yaml,8,0,3,5,0,0,0,0,0,0,0,0,443.39609146118164
394656388.yaml,15,5,8,2,1,0,1.2,17,13,2,1,1,461.0788822174072
394745088.yaml,5,1,4,0,0,0,0.0,3,2,0,1,0,442.2342777252197
394774438.yaml,104,42,52,10,13,0,3.0476190476190474,302,256,18,15,13,552.8390407562256
394932674.yaml,52,4,10,38,2,0,0.5,14,10,2,2,0,473.63996505737305
395015129.yaml,38,1,26,11,0,0,0.0,2,2,0,0,0,501.8479824066162
395137655.yaml,49,14,27,8,5,0,1.0,47,34,5,3,5,477.8101444244385
395161832.yaml,49,14,27,8,5,0,1.0,47,34,5,3,5,492.68293380737305
395535724.yaml,15,5,8,2,1,0,1.2,17,13,2,1,1,460.8731269836426
395638407.yaml,16,3,7,6,2,0,1.3333333333333333,14,11,2,1,0,438.52877616882324
396242295.yaml,2,1,1,0,0,0,0.0,4,3,0,1,0,449.16296005249023
396426554.yaml,3,1,2,0,1,0,0.0,1,1,0,0,0,471.3759422302246
396523569.yaml,57,13,32,12,12,0,0.9230769230769231,24,21,2,1,0,499.4080066680908
396739085.yaml,23,3,14,6,1,0,0.0,5,5,0,0,0,459.22374725341797
397440897.yaml,46,0,3,43,0,0,0,0,0,0,0,0,511.3718509674072
397619416.yaml,17,5,9,3,1,0,1.2,17,13,2,1,1,462.658166885376
398091226.yaml,15,6,1,8,5,0,1.6666666666666667,26,23,2,1,0,453.829288482666
398098756.yaml,25,6,13,6,5,0,0.0,7,7,0,0,0,470.37720680236816
398201250.yaml,23,9,9,5,2,0,1.3333333333333333,41,28,7,3,3,505.6581497192383
399254850.yaml,6,2,2,2,0,0,0.0,3,3,0,0,0,450.63185691833496
399506148.yaml,27,10,15,2,3,0,1.0,37,28,3,3,3,485.5318069458008
399521785.yaml,2,1,1,0,0,0,0.0,2,2,0,0,0,439.7130012512207
399993194.yaml,73,25,40,8,8,0,0.96,78,54,10,4,10,510.8497142791748
400006564.yaml,15,5,8,2,1,0,1.2,17,13,2,1,1,461.122989654541
400051629.yaml,6,0,2,4,0,0,0,0,0,0,0,0,452.8088569641113
400102942.yaml,16,2,5,9,2,0,0.0,2,2,0,0,0,448.4419822692871
400582445.yaml,16,2,7,7,1,0,0.0,5,4,0,1,0,473.0970859527588
401789742.yaml,52,2,4,46,1,1,0.0,5,4,0,1,0,505.25522232055664
402885097.yaml,11,4,6,1,2,0,0.5,13,10,2,1,0,456.8030834197998
403045668.yaml,28,1,22,5,0,0,0.0,2,2,0,0,0,463.5758399963379
403266557.yaml,15,6,1,8,5,0,1.6666666666666667,26,23,2,1,0,454.5297622680664
403379683.yaml,1,0,1,0,0,0,0,0,0,0,0,0,440.5968189239502
403455740.yaml,5,1,3,1,1,0,0.0,1,1,0,0,0,444.08583641052246
403471387.yaml,66,0,7,59,0,0,0,0,0,0,0,0,476.04918479919434
404483141.yaml,49,0,7,42,0,0,0,0,0,0,0,0,499.0859031677246
404767562.yaml,19,4,8,7,2,0,2.0,20,14,4,1,1,463.44494819641113
404975558.yaml,59,0,5,54,0,1,0,0,0,0,0,0,467.3340320587158
405194555.yaml,1,0,1,0,0,0,0,0,0,0,0,0,432.1160316467285
405225323.yaml,40,0,1,39,0,0,0,0,0,0,0,0,460.39605140686035
405461073.yaml,3,1,2,0,1,0,0.0,1,1,0,0,0,440.25588035583496
405641517.yaml,15,5,8,2,1,0,1.2,17,13,2,1,1,478.4970283508301
406057032.yaml,1,0,1,0,0,0,0,0,0,0,0,0,433.3000183105469
406058166.yaml,59,7,15,37,2,0,0.8571428571428571,22,18,1,2,1,477.86617279052734
406144998.yaml,2,1,1,0,0,0,0.0,2,2,0,0,0,441.51782989501953
406696632.yaml,32,9,17,6,5,0,0.2222222222222222,17,16,0,1,0,472.72205352783203
407140621.yaml,14,1,6,7,1,0,0.0,1,1,0,0,0,466.0820960998535
407226090.yaml,24,3,8,13,3,0,0.0,3,3,0,0,0,461.8098735809326
407460900.yaml,50,3,8,39,3,0,0.0,3,3,0,0,0,470.7520008087158
407473235.yaml,17,7,8,2,1,0,1.4285714285714286,24,17,4,1,2,460.2489471435547
408044325.yaml,15,6,7,2,2,0,0.6666666666666666,19,15,1,2,1,457.0879936218262
408338553.yaml,16,1,9,6,0,0,0.0,2,2,0,0,0,455.3399085998535
408452282.yaml,1,0,1,0,0,0,0,0,0,0,0,0,434.5669746398926
408718821.yaml,8,3,4,1,1,0,1.3333333333333333,9,5,2,0,2,471.09293937683105
409514215.yaml,11,0,5,6,0,0,0,0,0,0,0,0,452.6028633117676
409517592.yaml,5,0,1,4,0,0,0,0,0,0,0,0,435.4560375213623
409729983.yaml,1,0,1,0,0,0,0,0,0,0,0,0,431.11586570739746
410550116.yaml,1,0,1,0,0,0,0,0,0,0,0,0,431.1480522155762
410550221.yaml,12,4,6,2,1,0,1.0,14,11,1,1,1,456.6760063171387
410675362.yaml,22,4,8,10,2,0,1.0,20,14,4,2,0,454.76818084716797
411442402.yaml,14,5,7,2,1,0,0.8,18,14,1,2,1,456.65884017944336
411808376.yaml,52,23,25,4,8,0,2.347826086956522,119,86,18,6,9,508.8191032409668
412137026.yaml,15,5,8,2,1,0,1.2,17,13,2,1,1,458.2357406616211
412263374.yaml,50,4,8,38,1,0,0.5,6,5,1,0,0,474.44796562194824
412625967.yaml,5,0,3,2,0,0,0,0,0,0,0,0,443.01581382751465
412771870.yaml,5,0,1,4,0,0,0,0,0,0,0,0,451.63488388061523
412866528.yaml,1,0,1,0,0,0,0,0,0,0,0,0,432.91497230529785
413204303.yaml,16,3,11,2,3,0,0.0,3,3,0,0,0,466.9339656829834
413360994.yaml,17,4,11,2,3,0,0.0,7,6,0,1,0,459.85889434814453
414302056.yaml,15,6,1,8,5,0,1.6666666666666667,26,23,2,1,0,454.2059898376465
414576366.yaml,64,5,14,45,2,0,0.0,8,8,0,0,0,510.10704040527344
414757451.yaml,3,0,3,0,0,0,0,0,0,0,0,0,443.84098052978516
414846798.yaml,38,1,3,34,1,0,0.0,1,1,0,0,0,465.03210067749023
414849543.yaml,36,3,11,22,1,0,1.3333333333333333,9,5,2,0,2,465.0082588195801
415039617.yaml,109,8,27,74,6,1,0.0,10,10,0,0,0,524.8711109161377
415290300.yaml,8,2,5,1,2,0,0.0,2,2,0,0,0,444.72289085388184
415664186.yaml,50,11,16,23,4,0,1.8181818181818181,55,38,9,4,4,483.89410972595215
415754803.yaml,30,4,10,16,3,0,0.0,5,5,0,0,0,464.45536613464355
415817127.yaml,17,4,11,2,3,0,0.0,7,6,0,1,0,460.223913192749
415846844.yaml,17,1,5,11,0,0,0.0,2,2,0,0,0,472.0571041107178
416036339.yaml,3,0,2,1,0,0,0,0,0,0,0,0,443.01319122314453
416481246.yaml,2,0,1,1,0,0,0,0,0,0,0,0,438.48299980163574
416535369.yaml,48,2,8,38,1,0,0.0,3,3,0,0,0,495.1448440551758
417106181.yaml,3,0,1,2,0,0,0,0,0,0,0,0,443.21489334106445
417377057.yaml,44,1,9,34,1,0,0.0,1,1,0,0,0,474.98321533203125
417455669.yaml,20,7,11,2,2,0,1.4285714285714286,31,23,4,2,2,465.7011032104492
417558728.yaml,49,20,22,7,8,0,1.4,79,59,10,4,6,508.2259178161621
418232758.yaml,53,17,21,15,7,0,1.0588235294117647,58,45,6,2,5,506.29496574401855
418810193.yaml,12,2,5,5,1,0,0.0,3,3,0,0,0,447.48711585998535
418954713.yaml,5,0,1,4,0,0,0,0,0,0,0,0,459.21826362609863
419017857.yaml,13,3,6,4,2,0,0.0,4,4,0,0,0,456.91704750061035
419260260.yaml,26,12,12,2,5,0,2.0,61,43,10,4,4,455.9640884399414
419360538.yaml,40,12,18,10,4,0,1.0,36,25,5,2,4,475.1248359680176
419433008.yaml,38,11,19,8,7,0,0.36363636363636365,21,17,2,1,1,478.96409034729004
419576537.yaml,23,12,7,4,1,0,1.5,69,55,6,3,5,470.34311294555664
419932459.yaml,42,0,4,38,0,0,0,0,0,0,0,0,463.1791114807129
420027508.yaml,6,2,3,1,1,0,0.0,3,3,0,0,0,446.7451572418213
420903665.yaml,4,2,1,1,0,0,1.0,5,3,1,0,1,436.5110397338867
421622061.yaml,2,1,1,0,0,0,0.0,2,2,0,0,0,443.1741237640381
421639880.yaml,12,4,6,2,1,0,1.0,14,11,1,1,1,463.4897708892822
421980632.yaml,46,18,23,5,6,0,1.1111111111111112,82,66,6,4,6,483.4439754486084
421986582.yaml,22,5,9,8,1,0,0.4,10,8,1,1,0,463.75203132629395
422117073.yaml,35,4,25,6,1,0,1.0,13,9,2,1,1,463.3309841156006
422286400.yaml,4,0,1,3,0,0,0,0,0,0,0,0,443.2411193847656
422656136.yaml,24,9,12,3,3,0,1.1111111111111112,41,33,3,2,3,456.8037986755371
423173570.yaml,8,2,3,3,1,0,0.0,3,3,0,0,0,451.10011100769043
423785545.yaml,23,1,16,6,0,0,0.0,2,2,0,0,0,475.4219055175781
424196178.yaml,3,0,2,1,0,0,0,0,0,0,0,0,476.4540195465088
424957425.yaml,5,1,3,1,1,0,0.0,1,1,0,0,0,441.29490852355957
425078174.yaml,47,7,23,17,7,0,0.0,7,7,0,0,0,537.830114364624
425203999.yaml,18,5,9,4,1,0,1.2,17,13,2,1,1,465.65723419189453
425256457.yaml,7,1,3,3,0,0,0.0,4,3,0,1,0,444.93722915649414
425263761.yaml,1,0,1,0,0,0,0,0,0,0,0,0,432.21402168273926
425558824.yaml,15,3,7,5,2,0,0.0,5,4,0,1,0,437.06607818603516
425998118.yaml,30,9,11,10,2,0,1.1111111111111112,35,24,4,4,3,476.7012596130371
426072511.yaml,5,0,2,3,0,0,0,0,0,0,0,0,445.2250003814697
426652009.yaml,40,11,26,3,7,0,1.8181818181818181,42,38,3,1,0,490.466833114624
426764340.yaml,6,0,1,5,0,0,0,0,0,0,0,0,438.6610984802246
427346488.yaml,28,2,22,4,1,0,0.0,3,3,0,0,0,478.7888526916504
427744253.yaml,24,11,11,2,2,0,1.6363636363636365,59,45,7,3,4,465.7461643218994
427784411.yaml,48,2,8,38,1,0,0.0,3,3,0,0,0,464.29896354675293
428087322.yaml,19,6,10,3,2,0,1.3333333333333333,14,12,2,0,0,473.39701652526855
428132154.yaml,38,0,4,34,0,0,0,0,0,0,0,0,457.9048156738281
429652292.yaml,1,0,1,0,0,0,0,0,0,0,0,0,438.8699531555176
429783588.yaml,37,13,17,7,3,0,1.6923076923076923,67,51,8,3,5,476.00412368774414
430615631.yaml,1,0,1,0,0,0,0,0,0,0,0,0,433.1808090209961
431192661.yaml,32,1,22,9,0,0,0.0,2,2,0,0,0,490.9529685974121
432235299.yaml,7,2,4,1,1,0,0.0,3,3,0,0,0,453.91201972961426
432488463.yaml,20,7,9,4,2,0,1.4285714285714286,24,17,4,1,2,464.2970561981201
432876362.yaml,4,0,1,3,0,0,0,0,0,0,0,0,460.468053817749
432985326.yaml,50,0,4,46,0,0,0,0,0,0,0,0,457.20887184143066
433266632.yaml,5,1,2,2,0,0,0.0,2,2,0,0,0,449.6631622314453
434386637.yaml,17,2,10,5,0,0,0.0,4,4,0,0,0,461.11607551574707
434661971.yaml,43,7,26,10,1,0,0.5714285714285714,16,12,2,0,2,496.96993827819824
435465788.yaml,7,0,1,6,0,0,0,0,0,0,0,0,435.391902923584
435472998.yaml,27,7,10,10,3,0,0.5714285714285714,14,11,2,0,1,473.2680320739746
435508538.yaml,19,6,10,3,2,0,1.0,18,14,2,1,1,449.27287101745605
435537893.yaml,7,1,4,2,1,0,0.0,1,1,0,0,0,460.6919288635254
435939717.yaml,1,0,1,0,0,0,0,0,0,0,0,0,439.312219619751
436440657.yaml,35,1,3,31,1,0,0.0,1,1,0,0,0,459.1250419616699
436463240.yaml,17,7,8,2,3,0,0.5714285714285714,20,16,1,2,1,458.40907096862793
436913443.yaml,40,13,21,6,5,0,1.5384615384615385,65,52,6,3,4,469.96593475341797
437246939.yaml,1,0,1,0,0,0,0,0,0,0,0,0,431.8101406097412
437330713.yaml,8,3,5,0,1,0,0.6666666666666666,7,7,0,0,0,459.6390724182129
437520402.yaml,1,0,1,0,0,0,0,0,0,0,0,0,441.7591094970703
437749446.yaml,52,23,25,4,8,0,2.5217391304347827,115,85,16,5,9,492.412805557251
437778600.yaml,1,0,1,0,0,0,0,0,0,0,0,0,455.1701545715332
438735697.yaml,1,0,1,0,0,0,0,0,0,0,0,0,440.3550624847412
438911233.yaml,7,2,4,1,2,0,0.0,2,2,0,0,0,444.835901260376
439556493.yaml,27,10,15,2,3,0,1.0,37,28,3,3,3,516.4222717285156
439609061.yaml,16,6,8,2,2,0,0.6666666666666666,19,15,1,2,1,452.5129795074463
439653731.yaml,8,1,2,5,0,0,0.0,2,2,0,0,0,482.53393173217773
439883421.yaml,1,0,1,0,0,0,0,0,0,0,0,0,448.624849319458
440267353.yaml,35,1,2,32,1,0,0.0,1,1,0,0,0,466.8259620666504
440317832.yaml,1,0,1,0,0,0,0,0,0,0,0,0,438.34400177001953
440835414.yaml,2,1,1,0,0,0,0.0,3,2,0,1,0,430.4192066192627
441211757.yaml,19,8,8,3,3,0,1.0,22,14,4,1,3,468.45531463623047
441427551.yaml,19,1,14,4,0,0,0.0,2,2,0,0,0,455.035924911499
441512061.yaml,13,0,1,12,0,0,0,0,0,0,0,0,449.19896125793457
441524356.yaml,19,3,10,6,1,0,0.6666666666666666,4,3,1,0,0,453.45091819763184
441729044.yaml,1,0,1,0,0,0,0,0,0,0,0,0,424.20387268066406
441868622.yaml,50,0,4,46,0,0,0,0,0,0,0,0,464.01381492614746
442418540.yaml,30,0,5,25,0,0,0,0,0,0,0,0,442.39091873168945
442555418.yaml,41,12,13,16,3,0,1.0,77,68,2,5,2,477.42724418640137
442609514.yaml,14,5,6,3,1,0,1.2,17,13,2,1,1,452.60000228881836
442647841.yaml,23,1,3,19,0,2,0.0,2,2,0,0,0,467.45872497558594
443445329.yaml,8,1,2,5,0,0,0.0,2,2,0,0,0,461.34495735168457
443507718.yaml,31,9,16,6,5,0,0.6666666666666666,21,17,2,1,1,439.9678707122803
443521546.yaml,25,8,13,4,4,0,1.0,28,21,4,2,1,489.40205574035645
443856542.yaml,16,1,7,8,0,0,0.0,4,3,0,1,0,449.9547481536865
443894046.yaml,1,0,1,0,0,0,0,0,0,0,0,0,442.1818256378174
444070954.yaml,91,6,29,56,2,0,0.6666666666666666,14,10,2,0,2,532.6769351959229
444402310.yaml,9,6,3,0,1,0,1.3333333333333333,22,13,4,2,3,449.721097946167
444530379.yaml,12,4,6,2,2,0,1.5,17,11,4,1,1,458.2228660583496
444932009.yaml,23,1,18,4,0,0,0.0,2,2,0,0,0,467.86999702453613
445022542.yaml,43,12,23,8,4,0,0.8333333333333334,35,25,4,2,4,478.56903076171875
445244512.yaml,7,2,4,1,1,0,0.0,3,3,0,0,0,453.36294174194336
445396828.yaml,3,0,1,2,0,0,0,0,0,0,0,0,450.35314559936523
445683812.yaml,3,2,1,0,0,0,1.0,9,6,1,2,0,456.0701847076416
446238949.yaml,3,1,2,0,1,0,0.0,1,1,0,0,0,447.4170207977295
446344431.yaml,19,4,10,5,3,0,0.5,7,6,1,0,0,505.74493408203125
446897179.yaml,42,11,23,8,4,0,0.9090909090909091,33,23,4,2,4,470.39079666137695
447144773.yaml,12,1,3,8,1,0,0.0,1,1,0,0,0,467.82684326171875
447292115.yaml,1,0,1,0,0,0,0,0,0,0,0,0,422.637939453125
447445730.yaml,8,1,3,4,1,0,0.0,1,1,0,0,0,445.6360340118408
447846798.yaml,172,90,75,7,18,0,1.5777777777777777,529,418,45,24,42,603.3122539520264
447947829.yaml,14,5,7,2,1,0,0.8,18,14,1,2,1,454.44202423095703
448247923.yaml,15,5,8,2,1,0,1.2,17,13,2,1,1,441.7099952697754
448393004.yaml,5,0,3,2,0,0,0,0,0,0,0,0,447.68595695495605
448417912.yaml,3,1,2,0,1,0,0.0,1,1,0,0,0,449.30100440979004
448650432.yaml,3,1,2,0,0,0,0.0,2,2,0,0,0,476.0000705718994
449098474.yaml,28,5,12,11,4,0,0.0,8,7,0,1,0,467.90099143981934
449206215.yaml,5,1,2,2,0,0,0.0,2,2,0,0,0,442.98577308654785
449305117.yaml,36,16,17,3,3,0,1.375,73,54,8,4,7,464.06102180480957
449769777.yaml,15,6,7,2,2,0,0.6666666666666666,19,15,1,2,1,458.3101272583008
449886348.yaml,17,1,12,4,0,0,0.0,2,2,0,0,0,456.85601234436035
449991960.yaml,18,1,14,3,0,0,0.0,2,2,0,0,0,458.53400230407715
450014999.yaml,22,1,16,5,0,0,0.0,2,2,0,0,0,468.86301040649414
450082199.yaml,15,0,1,14,0,6,0,0,0,0,0,0,451.79009437561035
450213325.yaml,12,3,5,4,0,0,0.6666666666666666,6,4,1,1,0,452.6410102844238
450454040.yaml,7,1,4,2,1,0,0.0,1,1,0,0,0,446.6722011566162
450751411.yaml,10,3,5,2,2,0,0.0,4,4,0,0,0,455.4140567779541
451239171.yaml,23,1,18,4,0,0,0.0,2,2,0,0,0,461.47704124450684
451526588.yaml,13,5,6,2,1,0,0.8,18,14,1,2,1,506.3328742980957
451625733.yaml,41,16,23,2,5,0,1.75,80,61,9,3,7,480.53884506225586
451862381.yaml,22,1,16,5,0,0,0.0,2,2,0,0,0,471.66895866394043
452125134.yaml,2,1,1,0,0,0,0.0,2,2,0,0,0,451.1380195617676
452181768.yaml,2,0,1,1,0,0,0,0,0,0,0,0,445.6522464752197
452377112.yaml,43,1,10,32,0,0,0.0,2,2,0,0,0,521.9569206237793
452499807.yaml,7,1,2,4,0,0,0.0,2,2,0,0,0,440.94014167785645
452612321.yaml,3,0,1,2,0,0,0,0,0,0,0,0,442.42095947265625
452816409.yaml,2,0,1,1,0,0,0,0,0,0,0,0,450.81496238708496
452857652.yaml,3,1,2,0,1,0,0.0,1,1,0,0,0,451.8771171569824
453068171.yaml,8,2,5,1,1,0,1.0,5,5,0,0,0,444.22292709350586
453166849.yaml,1,0,1,0,0,0,0,0,0,0,0,0,435.00614166259766
453305936.yaml,55,0,5,50,0,0,0,0,0,0,0,0,519.1359519958496
453945039.yaml,50,15,27,8,5,0,0.9333333333333333,49,36,5,3,5,497.9369640350342
454012307.yaml,8,3,4,1,2,0,0.0,4,4,0,0,0,428.09391021728516
454372625.yaml,5,3,2,0,0,0,1.3333333333333333,12,7,2,1,2,449.45621490478516
454482929.yaml,12,4,6,2,1,0,1.0,14,11,1,1,1,460.6478214263916
454765288.yaml,29,8,14,7,3,0,0.25,14,12,1,0,1,475.07286071777344
454776349.yaml,4,0,3,1,0,0,0,0,0,0,0,0,512.8192901611328
455002023.yaml,1,0,1,0,0,0,0,0,0,0,0,0,441.9708251953125
455004486.yaml,2,0,1,1,0,0,0,0,0,0,0,0,463.99402618408203
455573122.yaml,27,8,12,7,3,0,0.75,22,17,2,1,2,463.8979434967041
455650659.yaml,13,0,0,13,0,0,0,0,0,0,0,0,431.57505989074707
455731035.yaml,1,0,1,0,0,0,0,0,0,0,0,0,496.3650703430176
456230245.yaml,8,2,4,2,1,0,0.0,3,3,0,0,0,450.336217880249
456271043.yaml,24,0,1,23,0,0,0,0,0,0,0,0,464.324951171875
456515581.yaml,1,0,1,0,0,0,0,0,0,0,0,0,430.14979362487793
456531409.yaml,38,14,18,6,3,0,1.2857142857142858,53,41,7,3,2,484.44533348083496
456596782.yaml,15,5,8,2,1,0,1.2,17,13,2,1,1,457.5819969177246
456699615.yaml,33,0,4,29,0,0,0,0,0,0,0,0,452.0440101623535
457019496.yaml,11,0,1,10,0,0,0,0,0,0,0,0,453.7830352783203
457058427.yaml,2,0,1,1,0,0,0,0,0,0,0,0,437.09635734558105
457175649.yaml,5,1,2,2,0,0,0.0,2,2,0,0,0,426.81097984313965
457276052.yaml,3,0,1,2,0,0,0,0,0,0,0,0,421.5128421783447
457609189.yaml,21,1,3,17,1,0,0.0,1,1,0,0,0,461.245059967041
457897283.yaml,12,2,5,5,2,0,0.0,2,2,0,0,0,446.7198848724365
458139516.yaml,3,0,2,1,0,0,0,0,0,0,0,0,435.63222885131836
458180689.yaml,1,0,1,0,0,0,0,0,0,0,0,0,465.9876823425293
458265311.yaml,1,0,1,0,0,0,0,0,0,0,0,0,442.1570301055908
458287537.yaml,1,0,1,0,0,0,0,0,0,0,0,0,425.80580711364746
458696199.yaml,38,0,4,34,0,0,0,0,0,0,0,0,454.85997200012207
458869343.yaml,12,1,8,3,0,0,0.0,2,2,0,0,0,445.6448554992676
459389963.yaml,6,1,4,1,1,0,0.0,1,1,0,0,0,446.7740058898926
459769751.yaml,31,12,17,2,3,0,1.1666666666666667,58,46,4,4,4,459.38897132873535
459794393.yaml,1,0,1,0,0,0,0,0,0,0,0,0,437.0748996734619
459849460.yaml,3,1,2,0,1,0,0.0,1,1,0,0,0,427.00886726379395
459850335.yaml,31,8,15,8,2,0,1.0,32,25,2,3,2,453.63569259643555
459996413.yaml,1,0,1,0,0,0,0,0,0,0,0,0,442.04092025756836
460019985.yaml,2,0,1,1,0,0,0,0,0,0,0,0,422.6412773132324
460161740.yaml,15,6,7,2,2,0,0.6666666666666666,19,15,1,2,1,456.44426345825195
460591882.yaml,15,6,7,2,2,0,0.6666666666666666,19,15,1,2,1,473.19817543029785
460657765.yaml,11,2,4,5,1,0,1.0,5,3,1,0,1,455.4867744445801
461033957.yaml,8,2,4,2,1,0,0.0,3,3,0,0,0,454.2691707611084
461309629.yaml,23,8,13,2,1,0,1.5,29,21,4,1,3,461.5781307220459
461340928.yaml,8,0,5,3,0,0,0,0,0,0,0,0,569.9012279510498
461704957.yaml,19,4,7,8,3,0,0.0,5,5,0,0,0,472.7029800415039
461927272.yaml,4,2,2,0,1,0,1.0,5,5,0,0,0,446.24781608581543
462089421.yaml,55,6,17,32,4,0,0.3333333333333333,10,10,0,0,0,546.5669631958008
462674514.yaml,11,1,7,3,1,0,0.0,1,1,0,0,0,448.8110542297363
462729373.yaml,18,1,14,3,0,0,0.0,2,2,0,0,0,457.9007625579834
462826008.yaml,33,26,5,2,0,0,1.8461538461538463,150,109,17,8,16,469.681978225708
462847964.yaml,17,2,9,6,0,0,0.0,4,4,0,0,0,457.25297927856445
463417489.yaml,10,4,5,1,1,0,1.0,7,5,2,0,0,458.27579498291016
463460853.yaml,5,0,2,3,0,0,0,0,0,0,0,0,468.2929515838623
463489198.yaml,1,0,1,0,0,0,0,0,0,0,0,0,420.46523094177246
463899600.yaml,41,2,4,35,1,0,0.0,3,3,0,0,0,480.0066947937012
463924306.yaml,17,2,9,6,0,0,0.0,4,4,0,0,0,456.67004585266113
464070494.yaml,12,0,1,11,0,0,0,0,0,0,0,0,451.57814025878906
464163479.yaml,26,0,4,22,0,0,0,0,0,0,0,0,462.56208419799805
464170971.yaml,16,5,9,2,1,0,1.2,17,13,2,1,1,456.4371109008789
464533643.yaml,2,1,1,0,0,0,0.0,2,2,0,0,0,447.78966903686523
464599786.yaml,18,0,3,15,0,1,0,0,0,0,0,0,456.51817321777344
465231165.yaml,4,0,1,3,0,0,0,0,0,0,0,0,428.2879829406738
465892922.yaml,4,1,3,0,1,0,0.0,1,1,0,0,0,453.89699935913086
465982998.yaml,39,14,23,2,5,0,1.0,47,34,5,3,5,482.23090171813965
465990447.yaml,21,1,4,16,1,1,0.0,1,1,0,0,0,453.30286026000977
466056205.yaml,35,11,19,5,4,0,0.9090909090909091,33,23,4,2,4,463.3290767669678
466071457.yaml,39,14,23,2,5,0,1.0,47,34,5,3,5,472.5468158721924
466371191.yaml,1,0,1,0,0,0,0,0,0,0,0,0,435.0581169128418
466832249.yaml,1,0,1,0,0,0,0,0,0,0,0,0,433.49194526672363
466855293.yaml,18,1,14,3,0,0,0.0,2,2,0,0,0,451.732873916626
467303097.yaml,17,6,6,5,2,0,1.0,12,8,3,0,1,461.4720344543457
467692987.yaml,18,1,14,3,0,0,0.0,2,2,0,0,0,467.252254486084
467712393.yaml,52,2,9,41,1,0,0.0,3,3,0,0,0,471.04692459106445
468152365.yaml,1,0,1,0,0,0,0,0,0,0,0,0,441.1969184875488
468169810.yaml,44,1,5,38,1,0,0.0,1,1,0,0,0,464.998722076416
468426790.yaml,15,5,8,2,1,0,1.2,17,13,2,1,1,464.4491672515869
468860581.yaml,11,3,4,4,0,0,0.6666666666666666,4,3,1,0,0,449.3601322174072
468892669.yaml,9,2,4,3,1,0,0.0,3,3,0,0,0,443.53318214416504
469391798.yaml,1,0,1,0,0,0,0,0,0,0,0,0,437.7727508544922
469739537.yaml,3,1,2,0,1,0,0.0,1,1,0,0,0,446.57301902770996
469904133.yaml,12,1,3,8,0,0,0.0,4,3,0,1,0,443.30310821533203
470340735.yaml,24,6,12,6,3,0,0.0,9,9,0,0,0,463.42921257019043
470340774.yaml,40,12,18,10,4,0,1.0,36,25,5,2,4,489.6969795227051
470467983.yaml,26,9,15,2,3,0,1.5555555555555556,39,29,5,2,3,454.3726444244385
470730308.yaml,12,4,6,2,1,0,1.0,14,11,1,1,1,454.1151523590088
470778214.yaml,5,3,2,0,0,0,1.3333333333333333,12,7,2,1,2,452.38518714904785
470924871.yaml,20,4,14,2,4,0,0.0,4,4,0,0,0,477.7340888977051
470956201.yaml,28,1,1,26,0,0,0.0,2,2,0,0,0,460.33287048339844
471103768.yaml,15,6,7,2,2,0,0.6666666666666666,19,15,1,2,1,456.4080238342285
471171258.yaml,38,0,4,34,0,0,0,0,0,0,0,0,462.6939296722412
471418642.yaml,49,0,8,41,0,0,0,0,0,0,0,0,467.2970771789551
471421762.yaml,27,1,20,6,0,0,0.0,2,2,0,0,0,476.2749671936035
471435007.yaml,29,11,16,2,4,0,0.9090909090909091,38,29,3,3,3,470.9441661834717
471534086.yaml,18,4,7,7,0,0,1.0,17,13,1,2,1,454.82683181762695
472088274.yaml,25,0,1,24,0,0,0,0,0,0,0,0,457.06796646118164
472257539.yaml,19,6,9,4,2,0,0.6666666666666666,19,15,1,2,1,478.8992404937744
472972340.yaml,16,3,8,5,3,0,0.6666666666666666,5,4,1,0,0,459.69414710998535
473114992.yaml,33,9,10,14,3,0,0.8888888888888888,25,19,3,1,2,467.7271842956543
473263835.yaml,23,1,18,4,0,0,0.0,2,2,0,0,0,460.7841968536377
473441796.yaml,11,0,1,10,0,0,0,0,0,0,0,0,457.4780464172363
473515367.yaml,17,4,6,7,1,0,1.0,14,11,1,1,1,457.02290534973145
473984874.yaml,20,8,9,3,1,0,1.25,54,47,2,3,2,461.9119167327881
474026903.yaml,38,0,4,34,0,0,0,0,0,0,0,0,470.3238010406494
474185187.yaml,2,0,1,1,0,0,0,0,0,0,0,0,439.4659996032715
474378856.yaml,1,0,1,0,0,0,0,0,0,0,0,0,439.5639896392822
474481547.yaml,12,4,6,2,1,0,1.0,14,11,1,1,1,452.0580768585205
474861046.yaml,2,1,1,0,0,0,0.0,4,3,0,1,0,446.90895080566406
475044383.yaml,20,2,6,12,2,1,0.0,2,2,0,0,0,456.8760395050049
475300175.yaml,15,6,7,2,2,0,0.6666666666666666,19,15,1,2,1,456.7551612854004
475398526.yaml,56,21,24,11,5,0,1.619047619047619,95,73,9,5,8,504.8668384552002
475554281.yaml,5,1,2,2,0,0,0.0,2,2,0,0,0,442.39282608032227
476191342.yaml,23,9,12,2,3,0,0.8888888888888888,33,26,2,3,2,458.34875106811523
476446721.yaml,38,0,4,34,0,0,0,0,0,0,0,0,456.7408561706543
476868353.yaml,26,5,11,10,4,0,0.0,6,6,0,0,0,438.0521774291992
477146692.yaml,3,1,2,0,1,0,0.0,1,1,0,0,0,439.4371509552002
477453811.yaml,6,1,4,1,1,0,0.0,1,1,0,0,0,463.1619453430176
477552138.yaml,8,2,5,1,2,0,1.0,4,3,1,0,0,473.82187843322754
478123910.yaml,50,0,8,42,0,0,0,0,0,0,0,0,478.3048629760742
478270058.yaml,16,7,8,1,3,0,1.4285714285714286,23,14,5,1,3,470.2489376068115
478820947.yaml,7,2,3,2,1,0,0.0,3,3,0,0,0,448.1511116027832
478857403.yaml,3,0,1,2,0,0,0,0,0,0,0,0,443.09496879577637
478994798.yaml,1,0,1,0,0,0,0,0,0,0,0,0,447.17979431152344
479460922.yaml,5,1,3,1,1,0,0.0,1,1,0,0,0,455.46507835388184
479632230.yaml,10,2,4,4,1,0,0.0,3,3,0,0,0,455.4591178894043
479735793.yaml,1,0,1,0,0,0,0,0,0,0,0,0,441.12491607666016
479924243.yaml,3,0,3,0,0,0,0,0,0,0,0,0,434.053897857666
480095537.yaml,23,2,15,6,0,0,0.0,4,4,0,0,0,467.64087677001953
480202547.yaml,37,0,2,35,0,0,0,0,0,0,0,0,459.17391777038574
480222665.yaml,6,1,3,2,1,0,0.0,1,1,0,0,0,449.3420124053955
480365901.yaml,1,0,1,0,0,0,0,0,0,0,0,0,419.0528392791748
480913578.yaml,10,3,5,2,2,0,0.6666666666666666,6,6,0,0,0,453.5200595855713
480942170.yaml,20,3,4,13,2,0,0.0,4,4,0,0,0,456.3870429992676
481208717.yaml,13,5,6,2,1,0,0.8,18,14,1,2,1,448.96793365478516
481356028.yaml,5,0,2,3,0,0,0,0,0,0,0,0,424.5758056640625
481484078.yaml,14,5,7,2,1,0,1.2,23,17,3,2,1,451.13205909729004
482066796.yaml,67,21,35,11,6,0,1.4285714285714286,90,70,10,3,7,517.2038078308105
482271735.yaml,1,0,1,0,0,0,0,0,0,0,0,0,433.0146312713623
482450495.yaml,1,0,1,0,0,0,0,0,0,0,0,0,442.0809745788574
482590920.yaml,26,3,4,19,1,0,1.3333333333333333,9,9,0,0,0,462.89801597595215
482615734.yaml,29,0,2,27,0,1,0,0,0,0,0,0,453.2361030578613
482662195.yaml,40,1,30,9,0,0,0.0,2,2,0,0,0,486.0801696777344
483314625.yaml,3,0,2,1,0,0,0,0,0,0,0,0,445.5068111419678
483569475.yaml,22,0,2,20,0,1,0,0,0,0,0,0,456.0251235961914
484114023.yaml,5,1,3,1,1,0,0.0,1,1,0,0,0,453.0630111694336
484662431.yaml,7,2,4,1,1,0,1.0,5,5,0,0,0,450.85906982421875
484979460.yaml,86,21,41,24,9,0,1.1428571428571428,68,51,9,3,5,509.0491771697998
485292337.yaml,20,1,14,5,0,0,0.0,2,2,0,0,0,472.20730781555176
485894548.yaml,35,1,26,8,0,0,0.0,2,2,0,0,0,483.40606689453125
486002398.yaml,1,0,1,0,0,0,0,0,0,0,0,0,459.98287200927734
486095519.yaml,11,1,2,8,0,0,0.0,2,2,0,0,0,452.26192474365234
486324159.yaml,121,0,91,30,0,0,0,0,0,0,0,0,513.0960941314697
486553932.yaml,34,12,18,4,3,0,1.5,49,37,7,3,2,468.72401237487793
486778653.yaml,26,5,14,7,5,0,0.0,5,5,0,0,0,469.8941707611084
486894686.yaml,13,5,6,2,1,0,0.8,18,14,1,2,1,459.06615257263184
487077920.yaml,20,4,10,6,4,0,0.0,4,4,0,0,0,465.14105796813965
487513619.yaml,1,0,1,0,0,0,0,0,0,0,0,0,437.3161792755127
488118373.yaml,9,3,3,3,0,0,0.0,8,7,0,1,0,447.82400131225586
488189116.yaml,30,6,13,11,4,0,1.3333333333333333,28,22,4,2,0,462.3558521270752
488213199.yaml,15,5,8,2,1,0,1.2,18,13,2,1,2,456.9270610809326
488259679.yaml,7,0,1,6,0,0,0,0,0,0,0,0,447.9711055755615
488365067.yaml,37,0,3,34,0,0,0,0,0,0,0,0,458.4808349609375
488699979.yaml,50,1,6,43,1,0,0.0,1,1,0,0,0,478.00493240356445
488801142.yaml,44,13,23,8,4,0,0.9230769230769231,39,27,5,2,5,469.0382480621338
488894800.yaml,5,1,2,2,0,0,0.0,2,2,0,0,0,453.71413230895996
489370288.yaml,12,4,6,2,1,0,1.0,14,11,1,1,1,459.8259925842285
489568517.yaml,15,5,8,2,1,0,1.2,17,13,2,1,1,466.4177894592285
489778355.yaml,40,1,30,9,0,0,0.0,2,2,0,0,0,504.3292045593262
491116254.yaml,5,1,2,2,0,0,0.0,2,2,0,0,0,455.42216300964355
491163348.yaml,17,3,10,4,2,0,0.0,6,5,0,1,0,441.34974479675293
491190141.yaml,3,1,2,0,1,0,0.0,1,1,0,0,0,433.35604667663574
491277392.yaml,25,6,13,6,4,0,0.3333333333333333,12,10,1,1,0,465.9137725830078
491279549.yaml,3,0,1,2,0,0,0,0,0,0,0,0,431.0340881347656
491664677.yaml,54,3,12,39,2,0,0.0,4,4,0,0,0,506.02126121520996
491669649.yaml,3,0,1,2,0,0,0,0,0,0,0,0,432.0540428161621
492557993.yaml,5,1,3,1,1,0,0.0,1,1,0,0,0,461.0910415649414
492628778.yaml,29,1,0,28,0,0,0.0,2,2,0,0,0,456.7570686340332
492888912.yaml,25,12,11,2,0,0,1.6666666666666667,61,43,8,3,7,456.0997486114502
492986485.yaml,1,0,1,0,0,0,0,0,0,0,0,0,451.0619640350342
493288637.yaml,10,0,2,8,0,0,0,0,0,0,0,0,446.9742774963379
493307725.yaml,20,8,9,3,1,0,1.25,54,47,2,3,2,455.69705963134766
493506843.yaml,15,6,7,2,2,0,0.6666666666666666,19,15,1,2,1,455.01184463500977
493573704.yaml,15,6,7,2,2,0,0.6666666666666666,19,15,1,2,1,476.0918617248535
493823679.yaml,15,6,1,8,5,0,1.6666666666666667,26,23,2,1,0,448.69399070739746
493953417.yaml,7,2,4,1,1,0,1.0,10,7,2,1,0,436.9180202484131
494420054.yaml,1,0,1,0,0,0,0,0,0,0,0,0,441.99395179748535
494448350.yaml,5,1,3,1,1,0,0.0,1,1,0,0,0,448.7910270690918
494463320.yaml,12,2,4,6,2,0,0.0,2,2,0,0,0,447.2379684448242
494540832.yaml,42,0,3,39,0,0,0,0,0,0,0,0,455.9309482574463
494875114.yaml,17,3,7,7,0,0,1.3333333333333333,13,10,1,1,1,475.1269817352295
495304980.yaml,17,7,8,2,3,0,0.5714285714285714,20,16,1,2,1,467.70524978637695
495458293.yaml,21,8,11,2,2,0,1.0,32,25,2,3,2,464.1449451446533
495969625.yaml,2,1,1,0,0,0,0.0,3,2,0,1,0,441.2500858306885
496055582.yaml,52,0,7,45,0,0,0,0,0,0,0,0,473.09398651123047
496295153.yaml,15,6,7,2,2,0,0.6666666666666666,19,15,1,2,1,447.5071430206299
496864609.yaml,9,4,3,2,0,0,1.5,30,26,1,2,1,447.21198081970215
496954872.yaml,1,0,1,0,0,0,0,0,0,0,0,0,437.532901763916
496996395.yaml,16,9,5,2,0,0,1.5555555555555556,49,37,5,3,4,479.72583770751953
497124036.yaml,59,3,8,48,2,0,1.3333333333333333,8,8,0,0,0,583.1670761108398
497162200.yaml,2,0,1,1,0,0,0,0,0,0,0,0,495.3038692474365
497174964.yaml,10,2,4,4,1,0,1.0,5,5,0,0,0,454.43081855773926
497254580.yaml,3,1,1,1,1,0,0.0,1,1,0,0,0,444.67782974243164
498081344.yaml,49,14,27,8,5,0,1.0,47,34,5,3,5,482.5608730316162
498091388.yaml,11,3,6,2,2,0,0.6666666666666666,11,8,2,1,0,468.94001960754395
498456869.yaml,63,14,42,7,13,0,0.8571428571428571,27,27,0,0,0,523.0720043182373
498589703.yaml,8,2,3,3,1,0,0.0,3,3,0,0,0,447.21102714538574
499827864.yaml,14,5,7,2,1,0,0.8,18,14,1,2,1,447.59297370910645
500358826.yaml,3,1,2,0,1,0,0.0,1,1,0,0,0,439.2712116241455
500431304.yaml,61,19,26,16,6,0,1.1578947368421053,127,102,13,11,1,469.19703483581543
500664117.yaml,47,0,10,37,0,0,0,0,0,0,0,0,479.888916015625
500677129.yaml,70,1,10,59,1,4,0.0,1,1,0,0,0,564.9962425231934
500730416.yaml,5,1,3,1,1,0,0.0,1,1,0,0,0,509.8297595977783
500952450.yaml,13,2,5,6,2,0,0.0,2,2,0,0,0,441.4370059967041
501027421.yaml,21,8,10,3,1,0,1.25,28,20,4,2,2,454.79488372802734
501152933.yaml,5,1,3,1,1,0,0.0,1,1,0,0,0,485.2311611175537
501365107.yaml,28,3,10,15,1,0,0.6666666666666666,12,9,2,1,0,549.9727725982666
501846533.yaml,55,11,22,22,6,0,0.9090909090909091,35,27,4,2,2,484.22813415527344
501992355.yaml,27,5,16,6,2,0,0.4,10,9,1,0,0,535.6550216674805
502357638.yaml,47,14,21,12,5,0,1.1428571428571428,44,30,7,3,4,593.1229591369629
502437353.yaml,1,0,1,0,0,0,0,0,0,0,0,0,481.6241264343262
503226194.yaml,17,6,9,2,1,0,1.0,14,10,3,1,0,548.5579967498779
503417165.yaml,18,2,11,5,0,0,0.0,4,4,0,0,0,509.3529224395752
503512285.yaml,4,0,2,2,0,0,0,0,0,0,0,0,454.21385765075684
504058667.yaml,39,14,23,2,5,0,1.0,47,34,5,3,5,515.0070190429688
504102549.yaml,27,4,12,11,3,0,0.5,7,7,0,0,0,513.8709545135498
504528119.yaml,4,0,3,1,0,0,0,0,0,0,0,0,460.10494232177734
505472626.yaml,19,4,7,8,3,0,0.0,5,5,0,0,0,536.3750457763672
505847866.yaml,14,5,7,2,1,0,0.8,18,14,1,2,1,463.07897567749023
506838162.yaml,13,5,6,2,1,0,0.8,18,14,1,2,1,493.25013160705566
507760607.yaml,5,3,2,0,0,0,1.3333333333333333,12,7,2,1,2,486.0668182373047
508317716.yaml,5,0,2,3,0,0,0,0,0,0,0,0,439.6512508392334
508469861.yaml,23,9,11,3,3,0,1.1111111111111112,27,19,4,1,3,469.05517578125
508547791.yaml,17,6,8,3,2,0,1.0,18,14,2,1,1,471.1449146270752
508848428.yaml,91,29,41,21,12,0,1.0344827586206897,73,50,14,3,6,622.1110820770264
509056087.yaml,35,0,2,33,0,0,0,0,0,0,0,0,527.8379917144775
509212708.yaml,2,1,1,0,0,0,0.0,3,2,0,1,0,471.54712677001953
509588780.yaml,24,1,16,7,0,0,0.0,2,2,0,0,0,509.965181350708
510053455.yaml,9,2,3,4,1,0,0.0,3,3,0,0,0,516.7932510375977
510075621.yaml,53,5,9,39,1,0,1.2,17,13,2,1,1,512.2408866882324
510343710.yaml,43,0,4,39,0,0,0,0,0,0,0,0,572.5429058074951
510631508.yaml,6,3,3,0,1,0,1.3333333333333333,11,7,2,1,1,480.3340435028076
510711300.yaml,13,5,6,2,1,0,0.8,18,14,1,2,1,475.6290912628174
510794552.yaml,39,4,6,29,2,0,0.5,7,5,1,0,1,449.4209289550781
511350683.yaml,38,4,22,12,1,0,0.0,6,6,0,0,0,552.0980358123779
511389516.yaml,1,0,1,0,0,0,0,0,0,0,0,0,516.4999961853027
511849511.yaml,3,0,1,2,0,0,0,0,0,0,0,0,450.1340389251709
511960181.yaml,3,0,1,2,0,0,0,0,0,0,0,0,506.6230297088623
512157240.yaml,49,14,27,8,5,0,1.0,47,34,5,3,5,520.9672451019287
512214984.yaml,21,0,5,16,0,0,0,0,0,0,0,0,454.64491844177246
512330066.yaml,16,4,8,4,1,0,0.0,7,7,0,0,0,515.5649185180664
512331693.yaml,66,6,18,42,3,0,0.0,9,9,0,0,0,506.64710998535156
512576398.yaml,4,1,2,1,0,0,0.0,1,1,0,0,0,442.57307052612305
512629127.yaml,44,15,24,5,6,0,0.9333333333333333,48,35,5,3,5,508.41498374938965
512661065.yaml,35,10,20,5,9,0,0.4,15,15,0,0,0,476.92084312438965
512694723.yaml,1,0,1,0,0,0,0,0,0,0,0,0,518.0792808532715
513232148.yaml,43,2,6,35,2,0,0.0,2,2,0,0,0,486.4950180053711
513609558.yaml,6,1,3,2,1,0,0.0,1,1,0,0,0,468.8601493835449
513874971.yaml,39,14,23,2,5,0,1.0,47,34,5,3,5,468.3237075805664
514235569.yaml,18,1,12,5,0,0,0.0,2,2,0,0,0,480.54981231689453
514761357.yaml,20,0,3,17,0,0,0,0,0,0,0,0,453.66883277893066
514761508.yaml,4,0,2,2,0,0,0,0,0,0,0,0,445.1289176940918
514978736.yaml,40,10,21,9,10,0,0.0,10,10,0,0,0,445.2252388000488
515024056.yaml,1,0,1,0,0,0,0,0,0,0,0,0,428.4849166870117
515342069.yaml,26,11,13,2,3,0,1.0909090909090908,46,36,3,4,3,470.1991081237793
515437710.yaml,82,21,27,34,6,0,1.9047619047619047,104,84,10,4,6,556.3631057739258
515845513.yaml,1,0,1,0,0,0,0,0,0,0,0,0,444.52905654907227
515900088.yaml,17,3,7,7,3,0,0.0,3,3,0,0,0,444.96798515319824
515967997.yaml,9,0,3,6,0,0,0,0,0,0,0,0,444.50879096984863
516499227.yaml,1,0,1,0,0,0,0,0,0,0,0,0,440.7320022583008
516508348.yaml,25,1,4,20,0,0,0.0,2,2,0,0,0,453.37390899658203
516563196.yaml,53,26,25,2,5,0,1.8461538461538463,171,131,20,10,10,491.05381965637207
516718610.yaml,18,6,9,3,2,0,0.6666666666666666,19,15,1,2,1,458.0051898956299
516914771.yaml,16,4,7,5,1,0,1.0,8,7,1,0,0,452.15487480163574
516929133.yaml,68,21,35,12,6,0,1.4285714285714286,90,70,10,3,7,518.6171531677246
517063354.yaml,2,1,1,0,0,0,0.0,2,2,0,0,0,440.4301643371582
517452878.yaml,8,2,4,2,1,0,0.0,3,3,0,0,0,455.3380012512207
517494431.yaml,3,1,2,0,1,0,0.0,1,1,0,0,0,445.06382942199707
518194211.yaml,25,1,16,8,0,0,0.0,2,2,0,0,0,449.45812225341797
518203354.yaml,3,1,2,0,0,0,0.0,2,2,0,0,0,437.03603744506836
518258692.yaml,1,0,1,0,0,0,0,0,0,0,0,0,432.9190254211426
518660104.yaml,17,4,6,7,1,0,0.5,8,6,1,1,0,452.2690773010254
518678686.yaml,2,1,1,0,0,0,0.0,4,3,0,1,0,450.88887214660645
518877972.yaml,5,1,2,2,0,0,0.0,2,2,0,0,0,447.3731517791748
518908987.yaml,5,1,3,1,1,0,0.0,1,1,0,0,0,452.12388038635254
519022599.yaml,18,5,9,4,1,0,1.2,17,13,2,1,1,477.80895233154297
519225270.yaml,43,14,23,6,5,0,1.0,47,34,5,3,5,472.82886505126953
519736691.yaml,5,3,2,0,0,0,1.3333333333333333,12,7,2,1,2,447.1280574798584
520194184.yaml,51,3,8,40,3,0,0.0,3,3,0,0,0,481.5249443054199
520531872.yaml,38,0,4,34,0,0,0,0,0,0,0,0,462.9669189453125
520567024.yaml,7,4,3,0,3,0,1.0,9,9,0,0,0,448.8399028778076
520606920.yaml,2,1,1,0,0,0,0.0,4,3,0,1,0,447.0210075378418
520797281.yaml,17,6,8,3,3,0,0.0,9,9,0,0,0,451.71213150024414
520905242.yaml,13,5,6,2,1,0,0.8,18,14,1,2,1,449.2177963256836
521247074.yaml,22,1,14,7,0,0,0.0,2,2,0,0,0,488.33584785461426
521481125.yaml,19,1,14,4,0,0,0.0,2,2,0,0,0,470.9351062774658
521525298.yaml,57,1,15,41,0,0,0.0,2,2,0,0,0,477.039098739624
521994702.yaml,3,1,2,0,1,0,0.0,1,1,0,0,0,457.20601081848145
522965725.yaml,36,0,6,30,0,0,0,0,0,0,0,0,466.6399955749512
523082465.yaml,39,14,23,2,5,0,1.0,47,34,5,3,5,476.6247272491455
523254351.yaml,39,14,23,2,5,0,1.0,47,34,5,3,5,485.46814918518066
523309937.yaml,7,1,5,1,1,0,0.0,1,1,0,0,0,451.57313346862793
523519174.yaml,2,1,1,0,0,0,0.0,2,2,0,0,0,452.8369903564453
523627359.yaml,49,14,27,8,5,0,1.0,47,34,5,3,5,483.00719261169434
524062420.yaml,12,4,6,2,1,0,1.0,14,11,1,1,1,456.21800422668457
524157081.yaml,36,2,5,29,0,0,0.0,7,5,0,2,0,469.1200256347656
524740735.yaml,9,1,3,5,0,0,0.0,2,2,0,0,0,454.29301261901855
524865944.yaml,20,8,10,2,2,0,1.0,32,25,2,3,2,453.9170265197754
525048806.yaml,44,0,1,43,0,0,0,0,0,0,0,0,457.5638771057129
525212542.yaml,6,0,2,4,0,0,0,0,0,0,0,0,441.3900375366211
525538531.yaml,6,3,2,1,0,0,1.3333333333333333,12,7,2,1,2,448.6870765686035
525784177.yaml,37,0,4,33,0,0,0,0,0,0,0,0,460.9031677246094
526484818.yaml,8,2,4,2,1,0,0.0,3,3,0,0,0,425.37498474121094
527241161.yaml,7,2,4,1,1,0,1.0,10,7,2,1,0,443.42994689941406
527710409.yaml,13,3,5,5,2,0,0.0,4,4,0,0,0,426.12314224243164
527711052.yaml,11,3,5,3,2,0,0.0,4,4,0,0,0,460.284948348999
527882773.yaml,4,1,3,0,1,0,0.0,1,1,0,0,0,448.4412670135498
528868478.yaml,23,0,2,21,0,1,0,0,0,0,0,0,442.43311882019043
529417724.yaml,3,2,1,0,0,0,0.0,4,4,0,0,0,433.4080219268799
529655095.yaml,12,0,4,8,0,0,0,0,0,0,0,0,442.30079650878906
530243884.yaml,7,1,2,4,0,0,0.0,4,3,0,1,0,453.8271427154541
